State,Phase,Time Period,Time Period Start Date,Time Period End Date,Region,Perc of Pop with Symptoms of Depression,Perc of Pop with Symptoms of Anxiety,Perc of Pop with Symptoms of Either,Region_Northeast,Region_South,Region_West
Alabama,1.0,1,2020-04-23,2020-05-05,South,18.6,25.6,30.3,0,1,0
Alabama,1.0,2,2020-05-07,2020-05-12,South,22.5,27.2,30.6,0,1,0
Alabama,1.0,3,2020-05-14,2020-05-19,South,19.6,20.7,25.2,0,1,0
Alabama,1.0,4,2020-05-21,2020-05-26,South,20.9,25.2,28.8,0,1,0
Alabama,1.0,5,2020-05-28,2020-06-02,South,28.4,31.6,37.5,0,1,0
Alabama,1.0,6,2020-06-04,2020-06-09,South,27.7,33.7,36.9,0,1,0
Alabama,1.0,7,2020-06-11,2020-06-16,South,26.7,33.9,38.1,0,1,0
Alabama,1.0,8,2020-06-18,2020-06-23,South,27.5,33.7,38.0,0,1,0
Alabama,1.0,9,2020-06-25,2020-06-30,South,26.5,28.7,35.9,0,1,0
Alabama,1.0,10,2020-07-02,2020-07-07,South,28.6,34.4,39.6,0,1,0
Alabama,1.0,11,2020-07-09,2020-07-14,South,30.4,34.9,40.1,0,1,0
Alabama,1.0,12,2020-07-16,2020-07-21,South,32.7,39.9,43.3,0,1,0
Alabama,2.0,13,2020-08-19,2020-08-31,South,27.7,30.6,37.2,0,1,0
Alabama,2.0,14,2020-09-02,2020-09-14,South,25.2,33.7,38.1,0,1,0
Alabama,2.0,15,2020-09-16,2020-09-28,South,28.6,30.8,37.2,0,1,0
Alabama,2.0,16,2020-09-30,2020-10-12,South,25.0,29.4,33.6,0,1,0
Alabama,2.0,17,2020-10-14,2020-10-26,South,27.7,29.9,36.0,0,1,0
Alabama,3.0,18,2020-10-28,2020-11-09,South,33.8,35.3,44.8,0,1,0
Alabama,3.0,19,2020-11-11,2020-11-23,South,31.5,40.1,43.8,0,1,0
Alabama,3.0,20,2020-11-25,2020-12-07,South,30.5,32.5,38.5,0,1,0
Alabama,3.0,21,2020-12-09,2020-12-21,South,35.1,39.1,44.0,0,1,0
Alabama,3.0,22,2021-01-06,2021-01-18,South,29.3,36.8,42.0,0,1,0
Alabama,3.0,23,2021-01-20,2021-02-01,South,32.1,36.6,43.4,0,1,0
Alabama,3.0,24,2021-02-03,2021-02-15,South,29.8,35.1,40.1,0,1,0
Alabama,3.0,25,2021-02-17,2021-03-01,South,27.6,30.0,36.5,0,1,0
Alabama,3.0,26,2021-03-03,2021-03-15,South,29.0,33.1,38.1,0,1,0
Alabama,3.0,27,2021-03-17,2021-03-29,South,24.8,29.8,34.5,0,1,0
Alabama,3.1,28,2021-04-14,2021-04-26,South,24.3,29.8,35.5,0,1,0
Alabama,3.1,29,2021-04-28,2021-05-10,South,27.3,28.1,33.3,0,1,0
Alabama,3.1,30,2021-05-12,2021-05-24,South,22.7,23.8,28.0,0,1,0
Alabama,3.1,31,2021-05-26,2021-06-07,South,21.5,27.7,31.8,0,1,0
Alabama,3.1,32,2021-06-09,2021-06-21,South,24.5,24.4,29.5,0,1,0
Alabama,3.1,33,2021-06-23,2021-07-05,South,25.3,31.0,35.9,0,1,0
Alabama,3.2,34,2021-07-21,2021-08-02,South,25.3,29.9,35.3,0,1,0
Alabama,3.2,35,2021-08-04,2021-08-16,South,21.1,26.3,29.9,0,1,0
Alabama,3.2,36,2021-08-18,2021-08-30,South,28.4,34.5,38.5,0,1,0
Alabama,3.2,37,2021-09-01,2021-09-13,South,24.4,30.7,34.2,0,1,0
Alabama,3.2,38,2021-09-15,2021-09-27,South,23.0,27.4,32.4,0,1,0
Alabama,3.2,39,2021-09-29,2021-10-11,South,24.4,28.7,34.1,0,1,0
Alabama,3.3,40,2021-12-01,2021-12-13,South,26.2,27.0,32.1,0,1,0
Alabama,3.3,41,2021-12-29,2022-01-10,South,25.9,26.7,33.9,0,1,0
Alabama,3.3,42,2022-01-26,2022-02-07,South,26.1,30.4,33.8,0,1,0
Alabama,3.4,43,2022-03-02,2022-03-14,South,26.4,26.4,33.5,0,1,0
Alabama,3.4,44,2022-03-30,2022-04-11,South,21.1,22.2,28.6,0,1,0
Alabama,3.4,45,2022-04-27,2022-05-09,South,23.1,27.4,31.0,0,1,0
Alabama,3.5,46,2022-06-01,2022-06-13,South,28.8,32.1,37.7,0,1,0
Alabama,3.5,47,2022-06-29,2022-07-11,South,28.7,30.7,37.4,0,1,0
Alabama,3.5,48,2022-07-27,2022-08-08,South,32.6,38.8,42.3,0,1,0
Alabama,3.6,49,2022-09-14,2022-09-26,South,29.7,34.6,42.7,0,1,0
Alabama,3.6,50,2022-10-05,2022-10-17,South,24.3,30.2,34.5,0,1,0
Alabama,3.6,51,2022-11-02,2022-11-14,South,28.8,32.4,39.0,0,1,0
Alabama,3.7,52,2022-12-09,2022-12-19,South,27.1,32.2,36.9,0,1,0
Alabama,3.7,53,2023-01-04,2023-01-16,South,28.3,33.0,38.2,0,1,0
Alabama,3.7,54,2023-02-01,2023-02-13,South,25.2,30.5,34.7,0,1,0
Alabama,3.8,55,2023-03-01,2023-03-13,South,27.4,34.0,38.5,0,1,0
Alabama,3.8,56,2023-03-29,2023-04-10,South,27.3,29.2,37.1,0,1,0
Alabama,3.8,57,2023-04-26,2023-05-08,South,28.8,30.6,37.9,0,1,0
Alabama,3.9,58,2023-06-07,2023-06-19,South,25.5,27.1,35.1,0,1,0
Alabama,3.9,59,2023-06-28,2023-07-10,South,27.3,29.3,36.9,0,1,0
Alabama,3.9,60,2023-07-26,2023-08-07,South,25.0,30.7,35.1,0,1,0
Alabama,3.1,61,2023-08-23,2023-09-04,South,22.1,26.3,30.4,0,1,0
Alabama,3.1,62,2023-09-20,2023-10-02,South,24.3,34.0,38.2,0,1,0
Alaska,1.0,1,2020-04-23,2020-05-05,West,19.2,27.7,31.5,0,0,1
Alaska,1.0,2,2020-05-07,2020-05-12,West,25.1,27.4,35.7,0,0,1
Alaska,1.0,3,2020-05-14,2020-05-19,West,23.6,26.2,32.7,0,0,1
Alaska,1.0,4,2020-05-21,2020-05-26,West,26.8,31.6,36.4,0,0,1
Alaska,1.0,5,2020-05-28,2020-06-02,West,24.4,26.1,31.6,0,0,1
Alaska,1.0,6,2020-06-04,2020-06-09,West,21.5,26.2,35.2,0,0,1
Alaska,1.0,7,2020-06-11,2020-06-16,West,23.5,33.3,36.5,0,0,1
Alaska,1.0,8,2020-06-18,2020-06-23,West,25.7,31.8,37.1,0,0,1
Alaska,1.0,9,2020-06-25,2020-06-30,West,23.8,32.5,35.3,0,0,1
Alaska,1.0,10,2020-07-02,2020-07-07,West,21.5,27.3,32.9,0,0,1
Alaska,1.0,11,2020-07-09,2020-07-14,West,27.4,35.1,39.6,0,0,1
Alaska,1.0,12,2020-07-16,2020-07-21,West,27.4,33.8,38.8,0,0,1
Alaska,2.0,13,2020-08-19,2020-08-31,West,22.2,30.5,34.8,0,0,1
Alaska,2.0,14,2020-09-02,2020-09-14,West,23.6,28.4,33.6,0,0,1
Alaska,2.0,15,2020-09-16,2020-09-28,West,25.2,29.9,35.5,0,0,1
Alaska,2.0,16,2020-09-30,2020-10-12,West,27.1,32.6,37.4,0,0,1
Alaska,2.0,17,2020-10-14,2020-10-26,West,25.7,33.0,38.5,0,0,1
Alaska,3.0,18,2020-10-28,2020-11-09,West,27.1,32.7,38.2,0,0,1
Alaska,3.0,19,2020-11-11,2020-11-23,West,30.0,40.3,44.6,0,0,1
Alaska,3.0,20,2020-11-25,2020-12-07,West,26.7,36.8,42.6,0,0,1
Alaska,3.0,21,2020-12-09,2020-12-21,West,32.0,37.7,44.1,0,0,1
Alaska,3.0,22,2021-01-06,2021-01-18,West,28.4,36.2,41.5,0,0,1
Alaska,3.0,23,2021-01-20,2021-02-01,West,30.8,37.1,43.1,0,0,1
Alaska,3.0,24,2021-02-03,2021-02-15,West,31.5,33.0,41.3,0,0,1
Alaska,3.0,25,2021-02-17,2021-03-01,West,22.0,31.9,35.6,0,0,1
Alaska,3.0,26,2021-03-03,2021-03-15,West,24.5,32.2,35.6,0,0,1
Alaska,3.0,27,2021-03-17,2021-03-29,West,26.8,30.4,37.8,0,0,1
Alaska,3.1,28,2021-04-14,2021-04-26,West,23.4,26.8,31.8,0,0,1
Alaska,3.1,29,2021-04-28,2021-05-10,West,24.4,29.7,33.8,0,0,1
Alaska,3.1,30,2021-05-12,2021-05-24,West,20.5,23.5,29.3,0,0,1
Alaska,3.1,31,2021-05-26,2021-06-07,West,17.1,23.6,26.9,0,0,1
Alaska,3.1,32,2021-06-09,2021-06-21,West,20.3,27.1,31.8,0,0,1
Alaska,3.1,33,2021-06-23,2021-07-05,West,17.9,24.4,27.4,0,0,1
Alaska,3.2,34,2021-07-21,2021-08-02,West,25.2,30.5,34.2,0,0,1
Alaska,3.2,35,2021-08-04,2021-08-16,West,20.2,23.8,28.1,0,0,1
Alaska,3.2,36,2021-08-18,2021-08-30,West,25.0,27.9,33.5,0,0,1
Alaska,3.2,37,2021-09-01,2021-09-13,West,23.9,30.0,34.3,0,0,1
Alaska,3.2,38,2021-09-15,2021-09-27,West,28.3,26.7,36.5,0,0,1
Alaska,3.2,39,2021-09-29,2021-10-11,West,28.0,32.9,38.5,0,0,1
Alaska,3.3,40,2021-12-01,2021-12-13,West,22.5,34.1,37.8,0,0,1
Alaska,3.3,41,2021-12-29,2022-01-10,West,21.6,28.6,31.9,0,0,1
Alaska,3.3,42,2022-01-26,2022-02-07,West,24.6,27.4,33.4,0,0,1
Alaska,3.4,43,2022-03-02,2022-03-14,West,22.4,28.3,32.7,0,0,1
Alaska,3.4,44,2022-03-30,2022-04-11,West,20.2,24.5,27.0,0,0,1
Alaska,3.4,45,2022-04-27,2022-05-09,West,23.8,26.1,30.9,0,0,1
Alaska,3.5,46,2022-06-01,2022-06-13,West,21.6,29.8,32.8,0,0,1
Alaska,3.5,47,2022-06-29,2022-07-11,West,20.5,26.5,31.6,0,0,1
Alaska,3.5,48,2022-07-27,2022-08-08,West,22.5,31.2,35.8,0,0,1
Alaska,3.6,49,2022-09-14,2022-09-26,West,24.4,34.4,41.0,0,0,1
Alaska,3.6,50,2022-10-05,2022-10-17,West,25.8,31.0,35.9,0,0,1
Alaska,3.6,51,2022-11-02,2022-11-14,West,28.4,30.6,37.8,0,0,1
Alaska,3.7,52,2022-12-09,2022-12-19,West,27.1,31.6,35.4,0,0,1
Alaska,3.7,53,2023-01-04,2023-01-16,West,22.3,27.2,31.6,0,0,1
Alaska,3.7,54,2023-02-01,2023-02-13,West,22.9,28.4,32.2,0,0,1
Alaska,3.8,55,2023-03-01,2023-03-13,West,24.4,26.1,33.3,0,0,1
Alaska,3.8,56,2023-03-29,2023-04-10,West,25.5,28.4,34.3,0,0,1
Alaska,3.8,57,2023-04-26,2023-05-08,West,19.2,26.2,29.1,0,0,1
Alaska,3.9,58,2023-06-07,2023-06-19,West,22.5,27.0,31.6,0,0,1
Alaska,3.9,59,2023-06-28,2023-07-10,West,18.6,20.3,26.0,0,0,1
Alaska,3.9,60,2023-07-26,2023-08-07,West,24.6,30.4,34.8,0,0,1
Alaska,3.1,61,2023-08-23,2023-09-04,West,18.3,24.0,28.1,0,0,1
Alaska,3.1,62,2023-09-20,2023-10-02,West,27.1,27.2,36.0,0,0,1
Arizona,1.0,1,2020-04-23,2020-05-05,West,22.4,32.3,36.4,0,0,1
Arizona,1.0,2,2020-05-07,2020-05-12,West,25.3,34.2,38.4,0,0,1
Arizona,1.0,3,2020-05-14,2020-05-19,West,20.0,29.0,32.1,0,0,1
Arizona,1.0,4,2020-05-21,2020-05-26,West,25.1,29.3,35.5,0,0,1
Arizona,1.0,5,2020-05-28,2020-06-02,West,23.9,27.9,32.6,0,0,1
Arizona,1.0,6,2020-06-04,2020-06-09,West,26.5,30.8,36.8,0,0,1
Arizona,1.0,7,2020-06-11,2020-06-16,West,25.0,25.6,33.3,0,0,1
Arizona,1.0,8,2020-06-18,2020-06-23,West,28.9,34.7,40.1,0,0,1
Arizona,1.0,9,2020-06-25,2020-06-30,West,32.7,39.7,44.1,0,0,1
Arizona,1.0,10,2020-07-02,2020-07-07,West,31.3,36.6,42.4,0,0,1
Arizona,1.0,11,2020-07-09,2020-07-14,West,33.9,39.9,44.2,0,0,1
Arizona,1.0,12,2020-07-16,2020-07-21,West,34.3,41.3,44.9,0,0,1
Arizona,2.0,13,2020-08-19,2020-08-31,West,26.4,30.4,35.1,0,0,1
Arizona,2.0,14,2020-09-02,2020-09-14,West,26.5,33.4,39.0,0,0,1
Arizona,2.0,15,2020-09-16,2020-09-28,West,28.2,34.9,39.3,0,0,1
Arizona,2.0,16,2020-09-30,2020-10-12,West,25.0,31.7,37.8,0,0,1
Arizona,2.0,17,2020-10-14,2020-10-26,West,30.8,35.1,39.8,0,0,1
Arizona,3.0,18,2020-10-28,2020-11-09,West,27.2,35.5,40.3,0,0,1
Arizona,3.0,19,2020-11-11,2020-11-23,West,28.7,39.2,43.8,0,0,1
Arizona,3.0,20,2020-11-25,2020-12-07,West,28.5,33.6,39.8,0,0,1
Arizona,3.0,21,2020-12-09,2020-12-21,West,32.7,34.7,43.5,0,0,1
Arizona,3.0,22,2021-01-06,2021-01-18,West,26.9,33.5,38.4,0,0,1
Arizona,3.0,23,2021-01-20,2021-02-01,West,29.8,36.9,40.8,0,0,1
Arizona,3.0,24,2021-02-03,2021-02-15,West,30.4,32.8,41.7,0,0,1
Arizona,3.0,25,2021-02-17,2021-03-01,West,28.7,31.6,38.9,0,0,1
Arizona,3.0,26,2021-03-03,2021-03-15,West,29.3,31.7,38.0,0,0,1
Arizona,3.0,27,2021-03-17,2021-03-29,West,25.8,30.4,35.1,0,0,1
Arizona,3.1,28,2021-04-14,2021-04-26,West,25.6,30.3,34.4,0,0,1
Arizona,3.1,29,2021-04-28,2021-05-10,West,20.4,25.8,29.9,0,0,1
Arizona,3.1,30,2021-05-12,2021-05-24,West,19.3,23.0,27.9,0,0,1
Arizona,3.1,31,2021-05-26,2021-06-07,West,21.9,27.1,31.8,0,0,1
Arizona,3.1,32,2021-06-09,2021-06-21,West,23.3,27.2,32.0,0,0,1
Arizona,3.1,33,2021-06-23,2021-07-05,West,27.2,27.4,33.4,0,0,1
Arizona,3.2,34,2021-07-21,2021-08-02,West,22.4,27.2,32.0,0,0,1
Arizona,3.2,35,2021-08-04,2021-08-16,West,24.9,27.5,34.7,0,0,1
Arizona,3.2,36,2021-08-18,2021-08-30,West,25.5,30.4,35.8,0,0,1
Arizona,3.2,37,2021-09-01,2021-09-13,West,20.4,26.8,30.9,0,0,1
Arizona,3.2,38,2021-09-15,2021-09-27,West,23.2,27.0,30.9,0,0,1
Arizona,3.2,39,2021-09-29,2021-10-11,West,23.2,29.6,33.0,0,0,1
Arizona,3.3,40,2021-12-01,2021-12-13,West,22.4,26.9,31.2,0,0,1
Arizona,3.3,41,2021-12-29,2022-01-10,West,22.6,30.5,34.1,0,0,1
Arizona,3.3,42,2022-01-26,2022-02-07,West,20.9,26.1,31.5,0,0,1
Arizona,3.4,43,2022-03-02,2022-03-14,West,25.0,28.7,34.4,0,0,1
Arizona,3.4,44,2022-03-30,2022-04-11,West,18.3,26.7,28.5,0,0,1
Arizona,3.4,45,2022-04-27,2022-05-09,West,20.4,25.7,29.4,0,0,1
Arizona,3.5,46,2022-06-01,2022-06-13,West,25.6,30.7,34.8,0,0,1
Arizona,3.5,47,2022-06-29,2022-07-11,West,22.7,28.0,34.7,0,0,1
Arizona,3.5,48,2022-07-27,2022-08-08,West,20.7,29.0,31.4,0,0,1
Arizona,3.6,49,2022-09-14,2022-09-26,West,26.8,34.5,39.3,0,0,1
Arizona,3.6,50,2022-10-05,2022-10-17,West,27.7,35.4,39.7,0,0,1
Arizona,3.6,51,2022-11-02,2022-11-14,West,24.6,29.3,34.3,0,0,1
Arizona,3.7,52,2022-12-09,2022-12-19,West,23.0,27.3,31.1,0,0,1
Arizona,3.7,53,2023-01-04,2023-01-16,West,22.7,28.4,33.2,0,0,1
Arizona,3.7,54,2023-02-01,2023-02-13,West,23.3,31.8,35.8,0,0,1
Arizona,3.8,55,2023-03-01,2023-03-13,West,20.1,28.1,32.4,0,0,1
Arizona,3.8,56,2023-03-29,2023-04-10,West,20.7,27.2,31.0,0,0,1
Arizona,3.8,57,2023-04-26,2023-05-08,West,20.6,26.2,30.4,0,0,1
Arizona,3.9,58,2023-06-07,2023-06-19,West,20.3,28.2,33.7,0,0,1
Arizona,3.9,59,2023-06-28,2023-07-10,West,20.4,24.8,30.3,0,0,1
Arizona,3.9,60,2023-07-26,2023-08-07,West,24.6,29.9,34.1,0,0,1
Arizona,3.1,61,2023-08-23,2023-09-04,West,19.9,25.6,30.0,0,0,1
Arizona,3.1,62,2023-09-20,2023-10-02,West,20.7,26.2,30.6,0,0,1
Arkansas,1.0,1,2020-04-23,2020-05-05,South,26.6,33.7,38.0,0,1,0
Arkansas,1.0,2,2020-05-07,2020-05-12,South,24.5,29.1,33.0,0,1,0
Arkansas,1.0,3,2020-05-14,2020-05-19,South,28.9,28.7,35.2,0,1,0
Arkansas,1.0,4,2020-05-21,2020-05-26,South,23.8,28.6,33.8,0,1,0
Arkansas,1.0,5,2020-05-28,2020-06-02,South,28.9,35.3,39.0,0,1,0
Arkansas,1.0,6,2020-06-04,2020-06-09,South,26.5,31.6,38.2,0,1,0
Arkansas,1.0,7,2020-06-11,2020-06-16,South,29.6,33.7,39.0,0,1,0
Arkansas,1.0,8,2020-06-18,2020-06-23,South,28.7,32.7,38.2,0,1,0
Arkansas,1.0,9,2020-06-25,2020-06-30,South,29.6,33.5,37.4,0,1,0
Arkansas,1.0,10,2020-07-02,2020-07-07,South,30.2,34.7,41.2,0,1,0
Arkansas,1.0,11,2020-07-09,2020-07-14,South,34.8,40.0,45.1,0,1,0
Arkansas,1.0,12,2020-07-16,2020-07-21,South,33.7,36.8,43.5,0,1,0
Arkansas,2.0,13,2020-08-19,2020-08-31,South,23.9,30.5,35.3,0,1,0
Arkansas,2.0,14,2020-09-02,2020-09-14,South,29.8,36.0,41.1,0,1,0
Arkansas,2.0,15,2020-09-16,2020-09-28,South,23.1,28.7,31.6,0,1,0
Arkansas,2.0,16,2020-09-30,2020-10-12,South,30.2,35.4,42.3,0,1,0
Arkansas,2.0,17,2020-10-14,2020-10-26,South,27.3,32.0,38.5,0,1,0
Arkansas,3.0,18,2020-10-28,2020-11-09,South,28.3,38.8,41.6,0,1,0
Arkansas,3.0,19,2020-11-11,2020-11-23,South,32.7,39.0,44.2,0,1,0
Arkansas,3.0,20,2020-11-25,2020-12-07,South,28.5,37.2,41.9,0,1,0
Arkansas,3.0,21,2020-12-09,2020-12-21,South,28.3,38.5,43.0,0,1,0
Arkansas,3.0,22,2021-01-06,2021-01-18,South,28.8,37.6,41.1,0,1,0
Arkansas,3.0,23,2021-01-20,2021-02-01,South,28.5,35.1,40.0,0,1,0
Arkansas,3.0,24,2021-02-03,2021-02-15,South,33.4,38.1,43.4,0,1,0
Arkansas,3.0,25,2021-02-17,2021-03-01,South,28.2,33.7,39.7,0,1,0
Arkansas,3.0,26,2021-03-03,2021-03-15,South,35.0,39.2,47.2,0,1,0
Arkansas,3.0,27,2021-03-17,2021-03-29,South,28.4,31.9,37.5,0,1,0
Arkansas,3.1,28,2021-04-14,2021-04-26,South,26.3,26.1,34.8,0,1,0
Arkansas,3.1,29,2021-04-28,2021-05-10,South,27.2,29.9,35.5,0,1,0
Arkansas,3.1,30,2021-05-12,2021-05-24,South,22.1,29.8,33.7,0,1,0
Arkansas,3.1,31,2021-05-26,2021-06-07,South,24.1,26.9,32.9,0,1,0
Arkansas,3.1,32,2021-06-09,2021-06-21,South,20.8,28.4,34.5,0,1,0
Arkansas,3.1,33,2021-06-23,2021-07-05,South,17.4,24.1,26.4,0,1,0
Arkansas,3.2,34,2021-07-21,2021-08-02,South,24.5,29.6,35.0,0,1,0
Arkansas,3.2,35,2021-08-04,2021-08-16,South,24.9,28.1,35.1,0,1,0
Arkansas,3.2,36,2021-08-18,2021-08-30,South,25.1,32.2,36.2,0,1,0
Arkansas,3.2,37,2021-09-01,2021-09-13,South,23.6,30.0,34.5,0,1,0
Arkansas,3.2,38,2021-09-15,2021-09-27,South,29.7,30.6,38.3,0,1,0
Arkansas,3.2,39,2021-09-29,2021-10-11,South,26.7,33.8,37.8,0,1,0
Arkansas,3.3,40,2021-12-01,2021-12-13,South,25.1,29.7,34.4,0,1,0
Arkansas,3.3,41,2021-12-29,2022-01-10,South,31.4,36.1,40.6,0,1,0
Arkansas,3.3,42,2022-01-26,2022-02-07,South,24.5,34.4,38.2,0,1,0
Arkansas,3.4,43,2022-03-02,2022-03-14,South,28.4,33.1,38.8,0,1,0
Arkansas,3.4,44,2022-03-30,2022-04-11,South,20.8,26.9,32.8,0,1,0
Arkansas,3.4,45,2022-04-27,2022-05-09,South,20.4,26.0,28.3,0,1,0
Arkansas,3.5,46,2022-06-01,2022-06-13,South,26.2,33.0,37.5,0,1,0
Arkansas,3.5,47,2022-06-29,2022-07-11,South,30.8,34.6,39.6,0,1,0
Arkansas,3.5,48,2022-07-27,2022-08-08,South,23.4,27.0,31.4,0,1,0
Arkansas,3.6,49,2022-09-14,2022-09-26,South,30.2,38.3,41.7,0,1,0
Arkansas,3.6,50,2022-10-05,2022-10-17,South,30.4,39.1,43.6,0,1,0
Arkansas,3.6,51,2022-11-02,2022-11-14,South,30.2,36.3,40.3,0,1,0
Arkansas,3.7,52,2022-12-09,2022-12-19,South,26.1,32.1,37.0,0,1,0
Arkansas,3.7,53,2023-01-04,2023-01-16,South,21.7,25.5,30.6,0,1,0
Arkansas,3.7,54,2023-02-01,2023-02-13,South,23.4,28.9,32.6,0,1,0
Arkansas,3.8,55,2023-03-01,2023-03-13,South,24.6,32.9,36.2,0,1,0
Arkansas,3.8,56,2023-03-29,2023-04-10,South,27.9,31.9,39.6,0,1,0
Arkansas,3.8,57,2023-04-26,2023-05-08,South,22.0,30.9,35.3,0,1,0
Arkansas,3.9,58,2023-06-07,2023-06-19,South,27.1,32.6,39.4,0,1,0
Arkansas,3.9,59,2023-06-28,2023-07-10,South,25.2,27.2,33.2,0,1,0
Arkansas,3.9,60,2023-07-26,2023-08-07,South,27.2,34.2,39.4,0,1,0
Arkansas,3.1,61,2023-08-23,2023-09-04,South,26.1,27.5,34.2,0,1,0
Arkansas,3.1,62,2023-09-20,2023-10-02,South,24.5,31.4,37.5,0,1,0
California,1.0,1,2020-04-23,2020-05-05,West,25.4,30.8,37.4,0,0,1
California,1.0,2,2020-05-07,2020-05-12,West,22.8,31.4,34.4,0,0,1
California,1.0,3,2020-05-14,2020-05-19,West,28.7,32.3,38.8,0,0,1
California,1.0,4,2020-05-21,2020-05-26,West,26.9,30.4,36.2,0,0,1
California,1.0,5,2020-05-28,2020-06-02,West,26.9,33.8,38.6,0,0,1
California,1.0,6,2020-06-04,2020-06-09,West,28.6,33.7,39.7,0,0,1
California,1.0,7,2020-06-11,2020-06-16,West,27.2,33.7,37.9,0,0,1
California,1.0,8,2020-06-18,2020-06-23,West,26.4,34.4,39.1,0,0,1
California,1.0,9,2020-06-25,2020-06-30,West,27.6,32.2,38.1,0,0,1
California,1.0,10,2020-07-02,2020-07-07,West,27.6,32.9,39.4,0,0,1
California,1.0,11,2020-07-09,2020-07-14,West,31.8,39.1,44.5,0,0,1
California,1.0,12,2020-07-16,2020-07-21,West,31.2,38.9,44.1,0,0,1
California,2.0,13,2020-08-19,2020-08-31,West,25.9,32.4,38.0,0,0,1
California,2.0,14,2020-09-02,2020-09-14,West,27.6,34.2,39.1,0,0,1
California,2.0,15,2020-09-16,2020-09-28,West,28.7,37.2,42.3,0,0,1
California,2.0,16,2020-09-30,2020-10-12,West,29.4,36.2,42.4,0,0,1
California,2.0,17,2020-10-14,2020-10-26,West,27.7,35.3,39.9,0,0,1
California,3.0,18,2020-10-28,2020-11-09,West,29.7,38.2,43.7,0,0,1
California,3.0,19,2020-11-11,2020-11-23,West,30.7,39.0,45.1,0,0,1
California,3.0,20,2020-11-25,2020-12-07,West,30.2,36.8,43.2,0,0,1
California,3.0,21,2020-12-09,2020-12-21,West,31.4,38.9,45.0,0,0,1
California,3.0,22,2021-01-06,2021-01-18,West,31.3,39.9,45.4,0,0,1
California,3.0,23,2021-01-20,2021-02-01,West,30.7,39.7,46.1,0,0,1
California,3.0,24,2021-02-03,2021-02-15,West,30.3,35.7,42.1,0,0,1
California,3.0,25,2021-02-17,2021-03-01,West,29.5,35.9,41.5,0,0,1
California,3.0,26,2021-03-03,2021-03-15,West,28.5,33.0,39.7,0,0,1
California,3.0,27,2021-03-17,2021-03-29,West,27.3,34.0,39.3,0,0,1
California,3.1,28,2021-04-14,2021-04-26,West,27.2,30.5,37.3,0,0,1
California,3.1,29,2021-04-28,2021-05-10,West,23.1,28.5,33.0,0,0,1
California,3.1,30,2021-05-12,2021-05-24,West,24.7,26.5,32.3,0,0,1
California,3.1,31,2021-05-26,2021-06-07,West,23.0,26.5,30.7,0,0,1
California,3.1,32,2021-06-09,2021-06-21,West,21.7,27.2,31.5,0,0,1
California,3.1,33,2021-06-23,2021-07-05,West,22.6,24.7,30.3,0,0,1
California,3.2,34,2021-07-21,2021-08-02,West,24.2,26.9,33.4,0,0,1
California,3.2,35,2021-08-04,2021-08-16,West,21.3,27.8,32.4,0,0,1
California,3.2,36,2021-08-18,2021-08-30,West,22.9,26.2,31.5,0,0,1
California,3.2,37,2021-09-01,2021-09-13,West,23.9,26.7,32.5,0,0,1
California,3.2,38,2021-09-15,2021-09-27,West,24.6,28.9,33.9,0,0,1
California,3.2,39,2021-09-29,2021-10-11,West,20.5,28.7,32.0,0,0,1
California,3.3,40,2021-12-01,2021-12-13,West,21.5,25.2,30.4,0,0,1
California,3.3,41,2021-12-29,2022-01-10,West,22.3,27.1,31.9,0,0,1
California,3.3,42,2022-01-26,2022-02-07,West,23.3,28.4,32.9,0,0,1
California,3.4,43,2022-03-02,2022-03-14,West,22.7,28.8,32.8,0,0,1
California,3.4,44,2022-03-30,2022-04-11,West,21.1,25.9,30.1,0,0,1
California,3.4,45,2022-04-27,2022-05-09,West,23.9,28.0,33.1,0,0,1
California,3.5,46,2022-06-01,2022-06-13,West,24.9,30.8,34.8,0,0,1
California,3.5,47,2022-06-29,2022-07-11,West,23.3,28.1,33.1,0,0,1
California,3.5,48,2022-07-27,2022-08-08,West,24.4,30.1,33.8,0,0,1
California,3.6,49,2022-09-14,2022-09-26,West,23.8,33.5,37.2,0,0,1
California,3.6,50,2022-10-05,2022-10-17,West,26.0,31.6,35.7,0,0,1
California,3.6,51,2022-11-02,2022-11-14,West,24.1,32.8,38.2,0,0,1
California,3.7,52,2022-12-09,2022-12-19,West,23.2,27.1,33.0,0,0,1
California,3.7,53,2023-01-04,2023-01-16,West,22.1,27.0,32.6,0,0,1
California,3.7,54,2023-02-01,2023-02-13,West,20.8,28.2,31.7,0,0,1
California,3.8,55,2023-03-01,2023-03-13,West,22.4,26.7,32.2,0,0,1
California,3.8,56,2023-03-29,2023-04-10,West,20.0,26.4,30.7,0,0,1
California,3.8,57,2023-04-26,2023-05-08,West,22.8,29.7,33.9,0,0,1
California,3.9,58,2023-06-07,2023-06-19,West,21.2,26.9,31.7,0,0,1
California,3.9,59,2023-06-28,2023-07-10,West,24.6,26.6,33.4,0,0,1
California,3.9,60,2023-07-26,2023-08-07,West,23.7,29.3,34.4,0,0,1
California,3.1,61,2023-08-23,2023-09-04,West,18.3,22.8,28.5,0,0,1
California,3.1,62,2023-09-20,2023-10-02,West,21.1,29.7,33.5,0,0,1
Colorado,1.0,1,2020-04-23,2020-05-05,West,22.0,32.6,35.9,0,0,1
Colorado,1.0,2,2020-05-07,2020-05-12,West,23.6,29.7,32.2,0,0,1
Colorado,1.0,3,2020-05-14,2020-05-19,West,23.7,27.6,33.1,0,0,1
Colorado,1.0,4,2020-05-21,2020-05-26,West,25.5,28.8,33.5,0,0,1
Colorado,1.0,5,2020-05-28,2020-06-02,West,23.9,29.4,33.6,0,0,1
Colorado,1.0,6,2020-06-04,2020-06-09,West,23.9,30.9,34.7,0,0,1
Colorado,1.0,7,2020-06-11,2020-06-16,West,22.1,29.8,33.5,0,0,1
Colorado,1.0,8,2020-06-18,2020-06-23,West,23.0,26.7,31.4,0,0,1
Colorado,1.0,9,2020-06-25,2020-06-30,West,26.1,33.0,37.3,0,0,1
Colorado,1.0,10,2020-07-02,2020-07-07,West,30.0,35.4,42.4,0,0,1
Colorado,1.0,11,2020-07-09,2020-07-14,West,26.1,35.2,39.2,0,0,1
Colorado,1.0,12,2020-07-16,2020-07-21,West,29.1,38.0,41.5,0,0,1
Colorado,2.0,13,2020-08-19,2020-08-31,West,24.5,32.6,37.6,0,0,1
Colorado,2.0,14,2020-09-02,2020-09-14,West,22.7,33.4,36.7,0,0,1
Colorado,2.0,15,2020-09-16,2020-09-28,West,25.2,34.2,37.7,0,0,1
Colorado,2.0,16,2020-09-30,2020-10-12,West,23.8,32.8,37.5,0,0,1
Colorado,2.0,17,2020-10-14,2020-10-26,West,26.1,34.1,37.7,0,0,1
Colorado,3.0,18,2020-10-28,2020-11-09,West,29.2,40.5,43.3,0,0,1
Colorado,3.0,19,2020-11-11,2020-11-23,West,26.0,42.2,45.8,0,0,1
Colorado,3.0,20,2020-11-25,2020-12-07,West,28.4,37.8,43.0,0,0,1
Colorado,3.0,21,2020-12-09,2020-12-21,West,30.3,39.4,44.6,0,0,1
Colorado,3.0,22,2021-01-06,2021-01-18,West,29.1,36.6,41.7,0,0,1
Colorado,3.0,23,2021-01-20,2021-02-01,West,26.5,37.7,41.4,0,0,1
Colorado,3.0,24,2021-02-03,2021-02-15,West,23.6,30.7,36.3,0,0,1
Colorado,3.0,25,2021-02-17,2021-03-01,West,28.1,31.8,37.6,0,0,1
Colorado,3.0,26,2021-03-03,2021-03-15,West,27.0,37.1,42.3,0,0,1
Colorado,3.0,27,2021-03-17,2021-03-29,West,22.5,30.3,34.8,0,0,1
Colorado,3.1,28,2021-04-14,2021-04-26,West,22.7,25.9,31.5,0,0,1
Colorado,3.1,29,2021-04-28,2021-05-10,West,21.3,25.7,30.8,0,0,1
Colorado,3.1,30,2021-05-12,2021-05-24,West,22.8,28.2,33.1,0,0,1
Colorado,3.1,31,2021-05-26,2021-06-07,West,19.6,26.2,30.3,0,0,1
Colorado,3.1,32,2021-06-09,2021-06-21,West,20.7,23.9,28.3,0,0,1
Colorado,3.1,33,2021-06-23,2021-07-05,West,18.6,24.1,27.9,0,0,1
Colorado,3.2,34,2021-07-21,2021-08-02,West,19.9,24.4,27.9,0,0,1
Colorado,3.2,35,2021-08-04,2021-08-16,West,21.1,26.5,30.2,0,0,1
Colorado,3.2,36,2021-08-18,2021-08-30,West,19.5,27.9,29.7,0,0,1
Colorado,3.2,37,2021-09-01,2021-09-13,West,19.5,25.7,29.1,0,0,1
Colorado,3.2,38,2021-09-15,2021-09-27,West,21.1,27.7,30.9,0,0,1
Colorado,3.2,39,2021-09-29,2021-10-11,West,23.0,29.1,32.0,0,0,1
Colorado,3.3,40,2021-12-01,2021-12-13,West,22.2,27.9,33.2,0,0,1
Colorado,3.3,41,2021-12-29,2022-01-10,West,21.1,26.7,30.2,0,0,1
Colorado,3.3,42,2022-01-26,2022-02-07,West,20.0,25.4,28.5,0,0,1
Colorado,3.4,43,2022-03-02,2022-03-14,West,18.8,24.0,29.0,0,0,1
Colorado,3.4,44,2022-03-30,2022-04-11,West,21.2,28.6,31.5,0,0,1
Colorado,3.4,45,2022-04-27,2022-05-09,West,15.9,20.9,24.0,0,0,1
Colorado,3.5,46,2022-06-01,2022-06-13,West,22.5,30.2,33.7,0,0,1
Colorado,3.5,47,2022-06-29,2022-07-11,West,21.5,29.3,33.1,0,0,1
Colorado,3.5,48,2022-07-27,2022-08-08,West,21.3,29.2,32.6,0,0,1
Colorado,3.6,49,2022-09-14,2022-09-26,West,26.8,32.5,37.6,0,0,1
Colorado,3.6,50,2022-10-05,2022-10-17,West,22.4,31.2,35.9,0,0,1
Colorado,3.6,51,2022-11-02,2022-11-14,West,21.9,29.7,33.2,0,0,1
Colorado,3.7,52,2022-12-09,2022-12-19,West,19.2,27.9,31.2,0,0,1
Colorado,3.7,53,2023-01-04,2023-01-16,West,21.8,28.5,32.1,0,0,1
Colorado,3.7,54,2023-02-01,2023-02-13,West,19.6,26.1,29.8,0,0,1
Colorado,3.8,55,2023-03-01,2023-03-13,West,24.6,32.7,37.0,0,0,1
Colorado,3.8,56,2023-03-29,2023-04-10,West,19.4,27.9,30.5,0,0,1
Colorado,3.8,57,2023-04-26,2023-05-08,West,17.4,27.0,30.4,0,0,1
Colorado,3.9,58,2023-06-07,2023-06-19,West,19.9,27.8,32.3,0,0,1
Colorado,3.9,59,2023-06-28,2023-07-10,West,20.6,27.3,31.6,0,0,1
Colorado,3.9,60,2023-07-26,2023-08-07,West,22.2,28.1,32.7,0,0,1
Colorado,3.1,61,2023-08-23,2023-09-04,West,19.3,25.7,30.1,0,0,1
Colorado,3.1,62,2023-09-20,2023-10-02,West,22.5,31.8,36.2,0,0,1
Connecticut,1.0,1,2020-04-23,2020-05-05,Northeast,24.4,34.9,40.2,1,0,0
Connecticut,1.0,2,2020-05-07,2020-05-12,Northeast,21.5,29.1,36.0,1,0,0
Connecticut,1.0,3,2020-05-14,2020-05-19,Northeast,20.2,28.7,33.9,1,0,0
Connecticut,1.0,4,2020-05-21,2020-05-26,Northeast,21.0,24.7,28.0,1,0,0
Connecticut,1.0,5,2020-05-28,2020-06-02,Northeast,25.4,26.7,35.1,1,0,0
Connecticut,1.0,6,2020-06-04,2020-06-09,Northeast,20.7,27.7,32.8,1,0,0
Connecticut,1.0,7,2020-06-11,2020-06-16,Northeast,25.5,35.1,38.7,1,0,0
Connecticut,1.0,8,2020-06-18,2020-06-23,Northeast,28.7,34.5,39.4,1,0,0
Connecticut,1.0,9,2020-06-25,2020-06-30,Northeast,24.0,32.5,35.3,1,0,0
Connecticut,1.0,10,2020-07-02,2020-07-07,Northeast,26.3,33.6,39.0,1,0,0
Connecticut,1.0,11,2020-07-09,2020-07-14,Northeast,26.7,31.0,35.7,1,0,0
Connecticut,1.0,12,2020-07-16,2020-07-21,Northeast,25.9,30.4,35.1,1,0,0
Connecticut,2.0,13,2020-08-19,2020-08-31,Northeast,23.8,33.9,38.8,1,0,0
Connecticut,2.0,14,2020-09-02,2020-09-14,Northeast,21.2,33.1,36.1,1,0,0
Connecticut,2.0,15,2020-09-16,2020-09-28,Northeast,19.0,30.4,33.5,1,0,0
Connecticut,2.0,16,2020-09-30,2020-10-12,Northeast,22.9,28.4,34.6,1,0,0
Connecticut,2.0,17,2020-10-14,2020-10-26,Northeast,21.8,32.5,36.9,1,0,0
Connecticut,3.0,18,2020-10-28,2020-11-09,Northeast,26.6,38.2,41.8,1,0,0
Connecticut,3.0,19,2020-11-11,2020-11-23,Northeast,25.3,33.5,37.5,1,0,0
Connecticut,3.0,20,2020-11-25,2020-12-07,Northeast,28.2,36.6,41.6,1,0,0
Connecticut,3.0,21,2020-12-09,2020-12-21,Northeast,29.0,35.6,40.8,1,0,0
Connecticut,3.0,22,2021-01-06,2021-01-18,Northeast,24.3,35.3,39.5,1,0,0
Connecticut,3.0,23,2021-01-20,2021-02-01,Northeast,25.2,35.8,40.6,1,0,0
Connecticut,3.0,24,2021-02-03,2021-02-15,Northeast,27.1,34.3,40.2,1,0,0
Connecticut,3.0,25,2021-02-17,2021-03-01,Northeast,28.1,35.8,40.6,1,0,0
Connecticut,3.0,26,2021-03-03,2021-03-15,Northeast,21.6,27.9,33.3,1,0,0
Connecticut,3.0,27,2021-03-17,2021-03-29,Northeast,20.9,28.2,31.8,1,0,0
Connecticut,3.1,28,2021-04-14,2021-04-26,Northeast,19.6,27.3,31.5,1,0,0
Connecticut,3.1,29,2021-04-28,2021-05-10,Northeast,18.2,25.8,29.4,1,0,0
Connecticut,3.1,30,2021-05-12,2021-05-24,Northeast,22.4,27.4,32.4,1,0,0
Connecticut,3.1,31,2021-05-26,2021-06-07,Northeast,16.2,19.7,23.6,1,0,0
Connecticut,3.1,32,2021-06-09,2021-06-21,Northeast,19.8,28.1,30.6,1,0,0
Connecticut,3.1,33,2021-06-23,2021-07-05,Northeast,18.1,22.9,26.8,1,0,0
Connecticut,3.2,34,2021-07-21,2021-08-02,Northeast,18.7,21.7,26.7,1,0,0
Connecticut,3.2,35,2021-08-04,2021-08-16,Northeast,16.0,22.5,24.9,1,0,0
Connecticut,3.2,36,2021-08-18,2021-08-30,Northeast,19.2,24.0,27.9,1,0,0
Connecticut,3.2,37,2021-09-01,2021-09-13,Northeast,18.7,25.5,29.2,1,0,0
Connecticut,3.2,38,2021-09-15,2021-09-27,Northeast,18.1,24.2,28.1,1,0,0
Connecticut,3.2,39,2021-09-29,2021-10-11,Northeast,19.2,25.1,28.7,1,0,0
Connecticut,3.3,40,2021-12-01,2021-12-13,Northeast,21.1,25.7,29.3,1,0,0
Connecticut,3.3,41,2021-12-29,2022-01-10,Northeast,22.3,28.0,31.6,1,0,0
Connecticut,3.3,42,2022-01-26,2022-02-07,Northeast,23.0,26.4,32.3,1,0,0
Connecticut,3.4,43,2022-03-02,2022-03-14,Northeast,17.1,25.3,28.9,1,0,0
Connecticut,3.4,44,2022-03-30,2022-04-11,Northeast,16.0,23.3,25.0,1,0,0
Connecticut,3.4,45,2022-04-27,2022-05-09,Northeast,19.5,24.9,30.0,1,0,0
Connecticut,3.5,46,2022-06-01,2022-06-13,Northeast,17.4,25.9,31.4,1,0,0
Connecticut,3.5,47,2022-06-29,2022-07-11,Northeast,21.0,30.3,32.7,1,0,0
Connecticut,3.5,48,2022-07-27,2022-08-08,Northeast,20.0,26.2,29.2,1,0,0
Connecticut,3.6,49,2022-09-14,2022-09-26,Northeast,22.8,29.5,34.5,1,0,0
Connecticut,3.6,50,2022-10-05,2022-10-17,Northeast,19.7,32.1,35.7,1,0,0
Connecticut,3.6,51,2022-11-02,2022-11-14,Northeast,21.7,30.9,34.8,1,0,0
Connecticut,3.7,52,2022-12-09,2022-12-19,Northeast,17.9,24.1,26.7,1,0,0
Connecticut,3.7,53,2023-01-04,2023-01-16,Northeast,19.6,27.4,30.5,1,0,0
Connecticut,3.7,54,2023-02-01,2023-02-13,Northeast,18.8,28.0,31.7,1,0,0
Connecticut,3.8,55,2023-03-01,2023-03-13,Northeast,19.7,23.5,28.4,1,0,0
Connecticut,3.8,56,2023-03-29,2023-04-10,Northeast,16.5,26.0,29.8,1,0,0
Connecticut,3.8,57,2023-04-26,2023-05-08,Northeast,18.9,25.3,28.7,1,0,0
Connecticut,3.9,58,2023-06-07,2023-06-19,Northeast,22.0,28.9,33.9,1,0,0
Connecticut,3.9,59,2023-06-28,2023-07-10,Northeast,18.9,25.5,29.3,1,0,0
Connecticut,3.9,60,2023-07-26,2023-08-07,Northeast,19.9,25.5,29.2,1,0,0
Connecticut,3.1,61,2023-08-23,2023-09-04,Northeast,14.9,20.5,24.8,1,0,0
Connecticut,3.1,62,2023-09-20,2023-10-02,Northeast,18.2,24.5,29.1,1,0,0
Delaware,1.0,1,2020-04-23,2020-05-05,South,21.1,29.9,34.7,0,1,0
Delaware,1.0,2,2020-05-07,2020-05-12,South,23.3,24.9,31.6,0,1,0
Delaware,1.0,3,2020-05-14,2020-05-19,South,21.8,26.6,31.8,0,1,0
Delaware,1.0,4,2020-05-21,2020-05-26,South,22.7,24.2,31.1,0,1,0
Delaware,1.0,5,2020-05-28,2020-06-02,South,20.7,26.2,30.3,0,1,0
Delaware,1.0,6,2020-06-04,2020-06-09,South,25.3,28.5,33.0,0,1,0
Delaware,1.0,7,2020-06-11,2020-06-16,South,24.4,30.2,34.7,0,1,0
Delaware,1.0,8,2020-06-18,2020-06-23,South,22.9,23.6,30.9,0,1,0
Delaware,1.0,9,2020-06-25,2020-06-30,South,25.4,27.4,33.2,0,1,0
Delaware,1.0,10,2020-07-02,2020-07-07,South,22.7,27.3,31.5,0,1,0
Delaware,1.0,11,2020-07-09,2020-07-14,South,23.3,31.0,34.4,0,1,0
Delaware,1.0,12,2020-07-16,2020-07-21,South,26.5,29.0,36.6,0,1,0
Delaware,2.0,13,2020-08-19,2020-08-31,South,20.1,24.6,30.5,0,1,0
Delaware,2.0,14,2020-09-02,2020-09-14,South,23.3,29.8,33.3,0,1,0
Delaware,2.0,15,2020-09-16,2020-09-28,South,18.3,24.8,28.0,0,1,0
Delaware,2.0,16,2020-09-30,2020-10-12,South,24.6,32.8,39.0,0,1,0
Delaware,2.0,17,2020-10-14,2020-10-26,South,23.3,31.7,34.3,0,1,0
Delaware,3.0,18,2020-10-28,2020-11-09,South,28.0,37.7,41.5,0,1,0
Delaware,3.0,19,2020-11-11,2020-11-23,South,24.3,31.9,35.9,0,1,0
Delaware,3.0,20,2020-11-25,2020-12-07,South,33.0,33.5,42.9,0,1,0
Delaware,3.0,21,2020-12-09,2020-12-21,South,30.4,35.3,39.9,0,1,0
Delaware,3.0,22,2021-01-06,2021-01-18,South,25.8,34.7,40.8,0,1,0
Delaware,3.0,23,2021-01-20,2021-02-01,South,22.5,27.1,32.8,0,1,0
Delaware,3.0,24,2021-02-03,2021-02-15,South,24.8,33.0,37.5,0,1,0
Delaware,3.0,25,2021-02-17,2021-03-01,South,21.6,30.3,33.7,0,1,0
Delaware,3.0,26,2021-03-03,2021-03-15,South,20.8,28.4,32.4,0,1,0
Delaware,3.0,27,2021-03-17,2021-03-29,South,17.2,26.1,30.6,0,1,0
Delaware,3.1,28,2021-04-14,2021-04-26,South,17.6,21.8,24.7,0,1,0
Delaware,3.1,29,2021-04-28,2021-05-10,South,23.1,26.3,30.8,0,1,0
Delaware,3.1,30,2021-05-12,2021-05-24,South,19.2,21.3,26.1,0,1,0
Delaware,3.1,31,2021-05-26,2021-06-07,South,21.1,24.0,27.4,0,1,0
Delaware,3.1,32,2021-06-09,2021-06-21,South,20.6,26.4,31.4,0,1,0
Delaware,3.1,33,2021-06-23,2021-07-05,South,17.4,21.9,25.8,0,1,0
Delaware,3.2,34,2021-07-21,2021-08-02,South,26.1,25.9,32.5,0,1,0
Delaware,3.2,35,2021-08-04,2021-08-16,South,19.0,29.2,32.1,0,1,0
Delaware,3.2,36,2021-08-18,2021-08-30,South,18.9,30.0,32.4,0,1,0
Delaware,3.2,37,2021-09-01,2021-09-13,South,20.2,27.5,30.4,0,1,0
Delaware,3.2,38,2021-09-15,2021-09-27,South,25.5,29.8,33.9,0,1,0
Delaware,3.2,39,2021-09-29,2021-10-11,South,20.0,21.8,26.6,0,1,0
Delaware,3.3,40,2021-12-01,2021-12-13,South,16.3,23.4,26.3,0,1,0
Delaware,3.3,41,2021-12-29,2022-01-10,South,21.5,27.4,30.1,0,1,0
Delaware,3.3,42,2022-01-26,2022-02-07,South,20.7,29.5,33.4,0,1,0
Delaware,3.4,43,2022-03-02,2022-03-14,South,14.5,22.0,24.3,0,1,0
Delaware,3.4,44,2022-03-30,2022-04-11,South,17.5,22.1,27.1,0,1,0
Delaware,3.4,45,2022-04-27,2022-05-09,South,14.9,21.9,24.2,0,1,0
Delaware,3.5,46,2022-06-01,2022-06-13,South,19.5,20.4,26.2,0,1,0
Delaware,3.5,47,2022-06-29,2022-07-11,South,20.2,23.6,25.5,0,1,0
Delaware,3.5,48,2022-07-27,2022-08-08,South,20.3,24.4,30.6,0,1,0
Delaware,3.6,49,2022-09-14,2022-09-26,South,26.1,34.4,39.6,0,1,0
Delaware,3.6,50,2022-10-05,2022-10-17,South,19.4,28.6,31.5,0,1,0
Delaware,3.6,51,2022-11-02,2022-11-14,South,15.3,23.3,26.4,0,1,0
Delaware,3.7,52,2022-12-09,2022-12-19,South,13.7,25.9,27.8,0,1,0
Delaware,3.7,53,2023-01-04,2023-01-16,South,21.0,27.2,30.7,0,1,0
Delaware,3.7,54,2023-02-01,2023-02-13,South,19.9,23.2,29.3,0,1,0
Delaware,3.8,55,2023-03-01,2023-03-13,South,20.3,25.4,31.6,0,1,0
Delaware,3.8,56,2023-03-29,2023-04-10,South,16.0,18.9,22.2,0,1,0
Delaware,3.8,57,2023-04-26,2023-05-08,South,19.4,21.7,27.4,0,1,0
Delaware,3.9,58,2023-06-07,2023-06-19,South,20.6,25.6,28.0,0,1,0
Delaware,3.9,59,2023-06-28,2023-07-10,South,17.6,15.9,21.7,0,1,0
Delaware,3.9,60,2023-07-26,2023-08-07,South,18.5,24.5,27.3,0,1,0
Delaware,3.1,61,2023-08-23,2023-09-04,South,20.1,25.0,32.8,0,1,0
Delaware,3.1,62,2023-09-20,2023-10-02,South,20.3,27.6,30.5,0,1,0
District of Columbia,1.0,1,2020-04-23,2020-05-05,South,26.4,31.4,37.6,0,1,0
District of Columbia,1.0,2,2020-05-07,2020-05-12,South,30.3,36.2,40.6,0,1,0
District of Columbia,1.0,3,2020-05-14,2020-05-19,South,25.9,33.3,37.3,0,1,0
District of Columbia,1.0,4,2020-05-21,2020-05-26,South,20.9,29.9,34.2,0,1,0
District of Columbia,1.0,5,2020-05-28,2020-06-02,South,21.3,28.2,33.0,0,1,0
District of Columbia,1.0,6,2020-06-04,2020-06-09,South,25.9,33.0,39.5,0,1,0
District of Columbia,1.0,7,2020-06-11,2020-06-16,South,16.3,25.9,28.9,0,1,0
District of Columbia,1.0,8,2020-06-18,2020-06-23,South,31.0,39.6,43.1,0,1,0
District of Columbia,1.0,9,2020-06-25,2020-06-30,South,27.6,29.6,39.4,0,1,0
District of Columbia,1.0,10,2020-07-02,2020-07-07,South,24.9,35.2,37.8,0,1,0
District of Columbia,1.0,11,2020-07-09,2020-07-14,South,20.8,23.8,28.0,0,1,0
District of Columbia,1.0,12,2020-07-16,2020-07-21,South,23.8,33.9,36.1,0,1,0
District of Columbia,2.0,13,2020-08-19,2020-08-31,South,23.8,30.6,35.3,0,1,0
District of Columbia,2.0,14,2020-09-02,2020-09-14,South,20.9,33.3,36.3,0,1,0
District of Columbia,2.0,15,2020-09-16,2020-09-28,South,27.5,40.2,46.4,0,1,0
District of Columbia,2.0,16,2020-09-30,2020-10-12,South,19.9,34.8,37.1,0,1,0
District of Columbia,2.0,17,2020-10-14,2020-10-26,South,26.2,35.1,40.1,0,1,0
District of Columbia,3.0,18,2020-10-28,2020-11-09,South,31.1,45.6,50.1,0,1,0
District of Columbia,3.0,19,2020-11-11,2020-11-23,South,27.8,35.3,40.3,0,1,0
District of Columbia,3.0,20,2020-11-25,2020-12-07,South,27.3,35.8,41.8,0,1,0
District of Columbia,3.0,21,2020-12-09,2020-12-21,South,22.6,34.4,41.4,0,1,0
District of Columbia,3.0,22,2021-01-06,2021-01-18,South,23.0,34.4,39.4,0,1,0
District of Columbia,3.0,23,2021-01-20,2021-02-01,South,21.5,37.5,43.7,0,1,0
District of Columbia,3.0,24,2021-02-03,2021-02-15,South,24.5,34.7,38.6,0,1,0
District of Columbia,3.0,25,2021-02-17,2021-03-01,South,21.3,34.5,36.4,0,1,0
District of Columbia,3.0,26,2021-03-03,2021-03-15,South,25.9,35.3,38.1,0,1,0
District of Columbia,3.0,27,2021-03-17,2021-03-29,South,25.2,31.9,33.8,0,1,0
District of Columbia,3.1,28,2021-04-14,2021-04-26,South,25.6,31.2,37.4,0,1,0
District of Columbia,3.1,29,2021-04-28,2021-05-10,South,21.0,25.0,30.6,0,1,0
District of Columbia,3.1,30,2021-05-12,2021-05-24,South,23.8,26.6,30.8,0,1,0
District of Columbia,3.1,31,2021-05-26,2021-06-07,South,20.3,21.5,26.8,0,1,0
District of Columbia,3.1,32,2021-06-09,2021-06-21,South,18.7,22.4,25.0,0,1,0
District of Columbia,3.1,33,2021-06-23,2021-07-05,South,20.3,23.2,28.0,0,1,0
District of Columbia,3.2,34,2021-07-21,2021-08-02,South,23.0,28.2,35.1,0,1,0
District of Columbia,3.2,35,2021-08-04,2021-08-16,South,23.2,24.4,29.7,0,1,0
District of Columbia,3.2,36,2021-08-18,2021-08-30,South,21.2,30.0,33.0,0,1,0
District of Columbia,3.2,37,2021-09-01,2021-09-13,South,23.6,28.3,32.4,0,1,0
District of Columbia,3.2,38,2021-09-15,2021-09-27,South,16.5,27.3,31.7,0,1,0
District of Columbia,3.2,39,2021-09-29,2021-10-11,South,26.2,31.6,35.9,0,1,0
District of Columbia,3.3,40,2021-12-01,2021-12-13,South,20.7,27.2,31.1,0,1,0
District of Columbia,3.3,41,2021-12-29,2022-01-10,South,20.9,30.3,35.9,0,1,0
District of Columbia,3.3,42,2022-01-26,2022-02-07,South,16.2,23.7,27.1,0,1,0
District of Columbia,3.4,43,2022-03-02,2022-03-14,South,19.8,29.0,31.9,0,1,0
District of Columbia,3.4,44,2022-03-30,2022-04-11,South,25.5,30.9,33.4,0,1,0
District of Columbia,3.4,45,2022-04-27,2022-05-09,South,17.8,25.3,26.8,0,1,0
District of Columbia,3.5,46,2022-06-01,2022-06-13,South,21.6,22.9,26.4,0,1,0
District of Columbia,3.5,47,2022-06-29,2022-07-11,South,23.9,28.5,33.2,0,1,0
District of Columbia,3.5,48,2022-07-27,2022-08-08,South,22.5,28.9,35.1,0,1,0
District of Columbia,3.6,49,2022-09-14,2022-09-26,South,14.7,29.3,32.6,0,1,0
District of Columbia,3.6,50,2022-10-05,2022-10-17,South,17.7,26.1,31.1,0,1,0
District of Columbia,3.6,51,2022-11-02,2022-11-14,South,18.1,24.4,28.0,0,1,0
District of Columbia,3.7,52,2022-12-09,2022-12-19,South,16.4,26.7,30.9,0,1,0
District of Columbia,3.7,53,2023-01-04,2023-01-16,South,15.2,23.0,28.1,0,1,0
District of Columbia,3.7,54,2023-02-01,2023-02-13,South,20.1,25.6,30.7,0,1,0
District of Columbia,3.8,55,2023-03-01,2023-03-13,South,20.5,25.4,30.3,0,1,0
District of Columbia,3.8,56,2023-03-29,2023-04-10,South,8.6,17.5,20.4,0,1,0
District of Columbia,3.8,57,2023-04-26,2023-05-08,South,11.9,19.2,23.6,0,1,0
District of Columbia,3.9,58,2023-06-07,2023-06-19,South,18.6,27.3,30.1,0,1,0
District of Columbia,3.9,59,2023-06-28,2023-07-10,South,21.3,32.0,35.9,0,1,0
District of Columbia,3.9,60,2023-07-26,2023-08-07,South,15.7,19.2,22.8,0,1,0
District of Columbia,3.1,61,2023-08-23,2023-09-04,South,11.0,21.3,23.6,0,1,0
District of Columbia,3.1,62,2023-09-20,2023-10-02,South,12.2,22.7,24.5,0,1,0
Florida,1.0,1,2020-04-23,2020-05-05,South,22.5,32.6,36.8,0,1,0
Florida,1.0,2,2020-05-07,2020-05-12,South,24.8,27.6,33.6,0,1,0
Florida,1.0,3,2020-05-14,2020-05-19,South,24.3,28.2,33.5,0,1,0
Florida,1.0,4,2020-05-21,2020-05-26,South,28.6,34.1,39.1,0,1,0
Florida,1.0,5,2020-05-28,2020-06-02,South,29.6,33.8,40.0,0,1,0
Florida,1.0,6,2020-06-04,2020-06-09,South,30.2,34.8,40.7,0,1,0
Florida,1.0,7,2020-06-11,2020-06-16,South,28.1,37.4,41.8,0,1,0
Florida,1.0,8,2020-06-18,2020-06-23,South,28.8,33.3,39.7,0,1,0
Florida,1.0,9,2020-06-25,2020-06-30,South,31.8,37.7,43.8,0,1,0
Florida,1.0,10,2020-07-02,2020-07-07,South,27.9,37.8,42.0,0,1,0
Florida,1.0,11,2020-07-09,2020-07-14,South,31.7,39.0,43.6,0,1,0
Florida,1.0,12,2020-07-16,2020-07-21,South,30.7,35.1,40.5,0,1,0
Florida,2.0,13,2020-08-19,2020-08-31,South,27.8,33.7,39.4,0,1,0
Florida,2.0,14,2020-09-02,2020-09-14,South,25.3,31.3,36.4,0,1,0
Florida,2.0,15,2020-09-16,2020-09-28,South,25.4,32.8,36.4,0,1,0
Florida,2.0,16,2020-09-30,2020-10-12,South,26.0,31.7,37.8,0,1,0
Florida,2.0,17,2020-10-14,2020-10-26,South,25.9,30.3,35.7,0,1,0
Florida,3.0,18,2020-10-28,2020-11-09,South,30.1,38.3,43.6,0,1,0
Florida,3.0,19,2020-11-11,2020-11-23,South,30.5,33.9,41.3,0,1,0
Florida,3.0,20,2020-11-25,2020-12-07,South,27.9,36.3,39.4,0,1,0
Florida,3.0,21,2020-12-09,2020-12-21,South,28.1,37.7,41.5,0,1,0
Florida,3.0,22,2021-01-06,2021-01-18,South,26.0,33.7,38.0,0,1,0
Florida,3.0,23,2021-01-20,2021-02-01,South,26.3,35.3,40.8,0,1,0
Florida,3.0,24,2021-02-03,2021-02-15,South,28.1,34.4,38.9,0,1,0
Florida,3.0,25,2021-02-17,2021-03-01,South,27.8,32.2,38.5,0,1,0
Florida,3.0,26,2021-03-03,2021-03-15,South,28.1,32.7,38.7,0,1,0
Florida,3.0,27,2021-03-17,2021-03-29,South,24.5,28.8,34.7,0,1,0
Florida,3.1,28,2021-04-14,2021-04-26,South,25.8,30.2,35.0,0,1,0
Florida,3.1,29,2021-04-28,2021-05-10,South,25.7,29.2,32.9,0,1,0
Florida,3.1,30,2021-05-12,2021-05-24,South,21.5,25.8,28.9,0,1,0
Florida,3.1,31,2021-05-26,2021-06-07,South,16.9,24.4,28.0,0,1,0
Florida,3.1,32,2021-06-09,2021-06-21,South,25.7,31.7,34.0,0,1,0
Florida,3.1,33,2021-06-23,2021-07-05,South,19.1,22.9,26.6,0,1,0
Florida,3.2,34,2021-07-21,2021-08-02,South,22.2,27.4,30.9,0,1,0
Florida,3.2,35,2021-08-04,2021-08-16,South,21.7,27.8,32.3,0,1,0
Florida,3.2,36,2021-08-18,2021-08-30,South,23.9,27.5,31.4,0,1,0
Florida,3.2,37,2021-09-01,2021-09-13,South,24.6,32.9,35.5,0,1,0
Florida,3.2,38,2021-09-15,2021-09-27,South,22.9,26.4,31.5,0,1,0
Florida,3.2,39,2021-09-29,2021-10-11,South,20.9,25.7,31.6,0,1,0
Florida,3.3,40,2021-12-01,2021-12-13,South,19.3,24.9,28.8,0,1,0
Florida,3.3,41,2021-12-29,2022-01-10,South,24.5,28.9,33.6,0,1,0
Florida,3.3,42,2022-01-26,2022-02-07,South,21.7,27.9,32.6,0,1,0
Florida,3.4,43,2022-03-02,2022-03-14,South,19.8,25.5,28.7,0,1,0
Florida,3.4,44,2022-03-30,2022-04-11,South,23.6,30.9,34.0,0,1,0
Florida,3.4,45,2022-04-27,2022-05-09,South,20.5,22.9,28.3,0,1,0
Florida,3.5,46,2022-06-01,2022-06-13,South,20.6,26.9,30.4,0,1,0
Florida,3.5,47,2022-06-29,2022-07-11,South,21.5,27.8,32.1,0,1,0
Florida,3.5,48,2022-07-27,2022-08-08,South,23.4,31.4,35.6,0,1,0
Florida,3.6,49,2022-09-14,2022-09-26,South,24.2,30.3,33.4,0,1,0
Florida,3.6,50,2022-10-05,2022-10-17,South,25.7,28.3,36.1,0,1,0
Florida,3.6,51,2022-11-02,2022-11-14,South,24.1,30.7,34.6,0,1,0
Florida,3.7,52,2022-12-09,2022-12-19,South,25.6,31.1,35.5,0,1,0
Florida,3.7,53,2023-01-04,2023-01-16,South,21.6,29.4,33.7,0,1,0
Florida,3.7,54,2023-02-01,2023-02-13,South,21.3,28.7,32.3,0,1,0
Florida,3.8,55,2023-03-01,2023-03-13,South,23.6,33.3,36.4,0,1,0
Florida,3.8,56,2023-03-29,2023-04-10,South,20.6,27.9,32.6,0,1,0
Florida,3.8,57,2023-04-26,2023-05-08,South,21.0,26.6,30.5,0,1,0
Florida,3.9,58,2023-06-07,2023-06-19,South,25.8,33.4,37.9,0,1,0
Florida,3.9,59,2023-06-28,2023-07-10,South,21.0,26.4,31.1,0,1,0
Florida,3.9,60,2023-07-26,2023-08-07,South,20.3,26.3,30.1,0,1,0
Florida,3.1,61,2023-08-23,2023-09-04,South,19.5,25.6,31.1,0,1,0
Florida,3.1,62,2023-09-20,2023-10-02,South,27.3,30.1,37.7,0,1,0
Georgia,1.0,1,2020-04-23,2020-05-05,South,25.6,31.9,36.2,0,1,0
Georgia,1.0,2,2020-05-07,2020-05-12,South,25.6,29.5,34.3,0,1,0
Georgia,1.0,3,2020-05-14,2020-05-19,South,24.8,27.6,33.6,0,1,0
Georgia,1.0,4,2020-05-21,2020-05-26,South,27.7,32.6,37.5,0,1,0
Georgia,1.0,5,2020-05-28,2020-06-02,South,24.5,31.7,34.9,0,1,0
Georgia,1.0,6,2020-06-04,2020-06-09,South,25.6,32.7,35.7,0,1,0
Georgia,1.0,7,2020-06-11,2020-06-16,South,25.7,33.3,37.1,0,1,0
Georgia,1.0,8,2020-06-18,2020-06-23,South,27.9,32.6,36.3,0,1,0
Georgia,1.0,9,2020-06-25,2020-06-30,South,31.4,36.8,40.9,0,1,0
Georgia,1.0,10,2020-07-02,2020-07-07,South,27.1,32.5,38.0,0,1,0
Georgia,1.0,11,2020-07-09,2020-07-14,South,29.0,37.1,43.6,0,1,0
Georgia,1.0,12,2020-07-16,2020-07-21,South,29.7,35.5,40.0,0,1,0
Georgia,2.0,13,2020-08-19,2020-08-31,South,26.8,31.3,38.7,0,1,0
Georgia,2.0,14,2020-09-02,2020-09-14,South,23.2,31.1,34.3,0,1,0
Georgia,2.0,15,2020-09-16,2020-09-28,South,25.0,32.0,35.3,0,1,0
Georgia,2.0,16,2020-09-30,2020-10-12,South,23.9,29.0,34.7,0,1,0
Georgia,2.0,17,2020-10-14,2020-10-26,South,25.1,33.2,37.8,0,1,0
Georgia,3.0,18,2020-10-28,2020-11-09,South,30.9,39.0,46.4,0,1,0
Georgia,3.0,19,2020-11-11,2020-11-23,South,29.2,34.8,39.6,0,1,0
Georgia,3.0,20,2020-11-25,2020-12-07,South,28.2,36.0,39.9,0,1,0
Georgia,3.0,21,2020-12-09,2020-12-21,South,31.2,40.3,45.7,0,1,0
Georgia,3.0,22,2021-01-06,2021-01-18,South,28.8,37.3,43.3,0,1,0
Georgia,3.0,23,2021-01-20,2021-02-01,South,31.1,39.0,44.3,0,1,0
Georgia,3.0,24,2021-02-03,2021-02-15,South,28.5,30.7,38.7,0,1,0
Georgia,3.0,25,2021-02-17,2021-03-01,South,28.3,34.7,40.7,0,1,0
Georgia,3.0,26,2021-03-03,2021-03-15,South,24.6,27.1,33.2,0,1,0
Georgia,3.0,27,2021-03-17,2021-03-29,South,25.1,34.0,37.9,0,1,0
Georgia,3.1,28,2021-04-14,2021-04-26,South,26.5,27.9,33.6,0,1,0
Georgia,3.1,29,2021-04-28,2021-05-10,South,23.0,26.0,29.5,0,1,0
Georgia,3.1,30,2021-05-12,2021-05-24,South,20.9,26.1,30.9,0,1,0
Georgia,3.1,31,2021-05-26,2021-06-07,South,21.8,26.9,32.2,0,1,0
Georgia,3.1,32,2021-06-09,2021-06-21,South,26.5,24.8,33.6,0,1,0
Georgia,3.1,33,2021-06-23,2021-07-05,South,23.3,24.8,30.5,0,1,0
Georgia,3.2,34,2021-07-21,2021-08-02,South,27.3,30.0,36.3,0,1,0
Georgia,3.2,35,2021-08-04,2021-08-16,South,24.9,29.4,34.8,0,1,0
Georgia,3.2,36,2021-08-18,2021-08-30,South,23.5,30.3,34.5,0,1,0
Georgia,3.2,37,2021-09-01,2021-09-13,South,19.6,25.3,31.0,0,1,0
Georgia,3.2,38,2021-09-15,2021-09-27,South,21.6,27.6,31.3,0,1,0
Georgia,3.2,39,2021-09-29,2021-10-11,South,24.6,31.0,34.3,0,1,0
Georgia,3.3,40,2021-12-01,2021-12-13,South,22.4,25.5,29.9,0,1,0
Georgia,3.3,41,2021-12-29,2022-01-10,South,21.8,24.6,29.4,0,1,0
Georgia,3.3,42,2022-01-26,2022-02-07,South,23.2,25.5,31.9,0,1,0
Georgia,3.4,43,2022-03-02,2022-03-14,South,21.2,25.0,29.6,0,1,0
Georgia,3.4,44,2022-03-30,2022-04-11,South,22.9,27.6,31.6,0,1,0
Georgia,3.4,45,2022-04-27,2022-05-09,South,21.3,24.7,29.4,0,1,0
Georgia,3.5,46,2022-06-01,2022-06-13,South,22.9,26.2,30.4,0,1,0
Georgia,3.5,47,2022-06-29,2022-07-11,South,21.1,26.3,29.6,0,1,0
Georgia,3.5,48,2022-07-27,2022-08-08,South,25.4,29.0,34.1,0,1,0
Georgia,3.6,49,2022-09-14,2022-09-26,South,22.3,30.9,35.7,0,1,0
Georgia,3.6,50,2022-10-05,2022-10-17,South,22.8,29.5,34.5,0,1,0
Georgia,3.6,51,2022-11-02,2022-11-14,South,26.3,29.2,35.7,0,1,0
Georgia,3.7,52,2022-12-09,2022-12-19,South,27.4,33.5,36.8,0,1,0
Georgia,3.7,53,2023-01-04,2023-01-16,South,25.0,28.5,33.6,0,1,0
Georgia,3.7,54,2023-02-01,2023-02-13,South,23.9,28.8,33.9,0,1,0
Georgia,3.8,55,2023-03-01,2023-03-13,South,21.5,27.6,30.5,0,1,0
Georgia,3.8,56,2023-03-29,2023-04-10,South,20.3,32.5,36.1,0,1,0
Georgia,3.8,57,2023-04-26,2023-05-08,South,23.6,29.6,34.6,0,1,0
Georgia,3.9,58,2023-06-07,2023-06-19,South,23.5,27.1,32.3,0,1,0
Georgia,3.9,59,2023-06-28,2023-07-10,South,23.8,30.8,35.1,0,1,0
Georgia,3.9,60,2023-07-26,2023-08-07,South,23.1,30.7,35.2,0,1,0
Georgia,3.1,61,2023-08-23,2023-09-04,South,19.7,25.6,28.6,0,1,0
Georgia,3.1,62,2023-09-20,2023-10-02,South,24.9,28.4,34.2,0,1,0
Hawaii,1.0,1,2020-04-23,2020-05-05,West,20.0,32.3,37.0,0,0,1
Hawaii,1.0,2,2020-05-07,2020-05-12,West,16.8,20.4,27.1,0,0,1
Hawaii,1.0,3,2020-05-14,2020-05-19,West,21.3,24.1,29.1,0,0,1
Hawaii,1.0,4,2020-05-21,2020-05-26,West,18.5,19.6,26.6,0,0,1
Hawaii,1.0,5,2020-05-28,2020-06-02,West,17.0,20.7,26.1,0,0,1
Hawaii,1.0,6,2020-06-04,2020-06-09,West,19.5,20.7,27.5,0,0,1
Hawaii,1.0,7,2020-06-11,2020-06-16,West,26.8,31.7,35.3,0,0,1
Hawaii,1.0,8,2020-06-18,2020-06-23,West,18.3,22.9,29.4,0,0,1
Hawaii,1.0,9,2020-06-25,2020-06-30,West,28.2,31.5,38.3,0,0,1
Hawaii,1.0,10,2020-07-02,2020-07-07,West,28.9,34.2,37.1,0,0,1
Hawaii,1.0,11,2020-07-09,2020-07-14,West,28.3,31.4,36.7,0,0,1
Hawaii,1.0,12,2020-07-16,2020-07-21,West,29.3,37.2,41.3,0,0,1
Hawaii,2.0,13,2020-08-19,2020-08-31,West,22.8,35.4,40.0,0,0,1
Hawaii,2.0,14,2020-09-02,2020-09-14,West,29.4,34.4,39.4,0,0,1
Hawaii,2.0,15,2020-09-16,2020-09-28,West,24.0,28.7,33.3,0,0,1
Hawaii,2.0,16,2020-09-30,2020-10-12,West,30.1,30.6,40.2,0,0,1
Hawaii,2.0,17,2020-10-14,2020-10-26,West,27.5,32.2,38.8,0,0,1
Hawaii,3.0,18,2020-10-28,2020-11-09,West,30.1,37.0,43.4,0,0,1
Hawaii,3.0,19,2020-11-11,2020-11-23,West,22.6,28.4,32.1,0,0,1
Hawaii,3.0,20,2020-11-25,2020-12-07,West,31.2,35.1,40.7,0,0,1
Hawaii,3.0,21,2020-12-09,2020-12-21,West,25.5,29.8,37.6,0,0,1
Hawaii,3.0,22,2021-01-06,2021-01-18,West,28.2,34.4,38.1,0,0,1
Hawaii,3.0,23,2021-01-20,2021-02-01,West,26.3,31.2,37.6,0,0,1
Hawaii,3.0,24,2021-02-03,2021-02-15,West,23.4,26.9,33.6,0,0,1
Hawaii,3.0,25,2021-02-17,2021-03-01,West,22.3,31.9,34.6,0,0,1
Hawaii,3.0,26,2021-03-03,2021-03-15,West,22.3,26.8,30.6,0,0,1
Hawaii,3.0,27,2021-03-17,2021-03-29,West,21.1,23.1,28.4,0,0,1
Hawaii,3.1,28,2021-04-14,2021-04-26,West,18.9,24.5,28.5,0,0,1
Hawaii,3.1,29,2021-04-28,2021-05-10,West,15.9,20.6,23.2,0,0,1
Hawaii,3.1,30,2021-05-12,2021-05-24,West,19.7,19.9,25.5,0,0,1
Hawaii,3.1,31,2021-05-26,2021-06-07,West,19.7,26.6,29.3,0,0,1
Hawaii,3.1,32,2021-06-09,2021-06-21,West,18.2,22.2,24.9,0,0,1
Hawaii,3.1,33,2021-06-23,2021-07-05,West,28.2,22.0,32.9,0,0,1
Hawaii,3.2,34,2021-07-21,2021-08-02,West,17.9,23.6,28.0,0,0,1
Hawaii,3.2,35,2021-08-04,2021-08-16,West,23.6,24.7,30.5,0,0,1
Hawaii,3.2,36,2021-08-18,2021-08-30,West,22.5,26.5,31.8,0,0,1
Hawaii,3.2,37,2021-09-01,2021-09-13,West,21.2,26.4,30.0,0,0,1
Hawaii,3.2,38,2021-09-15,2021-09-27,West,26.5,26.0,34.5,0,0,1
Hawaii,3.2,39,2021-09-29,2021-10-11,West,23.2,26.5,32.5,0,0,1
Hawaii,3.3,40,2021-12-01,2021-12-13,West,22.1,27.2,31.9,0,0,1
Hawaii,3.3,41,2021-12-29,2022-01-10,West,23.8,26.7,32.1,0,0,1
Hawaii,3.3,42,2022-01-26,2022-02-07,West,21.2,29.0,33.1,0,0,1
Hawaii,3.4,43,2022-03-02,2022-03-14,West,18.5,20.7,26.9,0,0,1
Hawaii,3.4,44,2022-03-30,2022-04-11,West,19.9,19.2,26.6,0,0,1
Hawaii,3.4,45,2022-04-27,2022-05-09,West,15.5,20.4,24.5,0,0,1
Hawaii,3.5,46,2022-06-01,2022-06-13,West,17.0,19.9,24.5,0,0,1
Hawaii,3.5,47,2022-06-29,2022-07-11,West,20.1,28.4,31.0,0,0,1
Hawaii,3.5,48,2022-07-27,2022-08-08,West,18.9,25.6,29.3,0,0,1
Hawaii,3.6,49,2022-09-14,2022-09-26,West,24.4,30.8,32.3,0,0,1
Hawaii,3.6,50,2022-10-05,2022-10-17,West,25.1,31.3,37.4,0,0,1
Hawaii,3.6,51,2022-11-02,2022-11-14,West,19.0,23.7,28.3,0,0,1
Hawaii,3.7,52,2022-12-09,2022-12-19,West,25.3,25.8,35.6,0,0,1
Hawaii,3.7,53,2023-01-04,2023-01-16,West,17.2,22.3,23.9,0,0,1
Hawaii,3.7,54,2023-02-01,2023-02-13,West,19.3,22.7,26.5,0,0,1
Hawaii,3.8,55,2023-03-01,2023-03-13,West,15.4,17.9,22.5,0,0,1
Hawaii,3.8,56,2023-03-29,2023-04-10,West,24.1,27.0,32.6,0,0,1
Hawaii,3.8,57,2023-04-26,2023-05-08,West,20.7,24.4,30.1,0,0,1
Hawaii,3.9,58,2023-06-07,2023-06-19,West,15.8,24.3,29.5,0,0,1
Hawaii,3.9,59,2023-06-28,2023-07-10,West,25.1,27.7,34.1,0,0,1
Hawaii,3.9,60,2023-07-26,2023-08-07,West,16.3,21.6,25.8,0,0,1
Hawaii,3.1,61,2023-08-23,2023-09-04,West,19.6,23.4,26.8,0,0,1
Hawaii,3.1,62,2023-09-20,2023-10-02,West,20.4,22.6,27.6,0,0,1
Idaho,1.0,1,2020-04-23,2020-05-05,West,20.6,26.9,33.3,0,0,1
Idaho,1.0,2,2020-05-07,2020-05-12,West,17.0,25.0,29.2,0,0,1
Idaho,1.0,3,2020-05-14,2020-05-19,West,18.1,24.0,27.6,0,0,1
Idaho,1.0,4,2020-05-21,2020-05-26,West,18.9,22.1,24.8,0,0,1
Idaho,1.0,5,2020-05-28,2020-06-02,West,23.8,28.3,31.8,0,0,1
Idaho,1.0,6,2020-06-04,2020-06-09,West,19.2,28.6,32.0,0,0,1
Idaho,1.0,7,2020-06-11,2020-06-16,West,14.3,26.0,27.8,0,0,1
Idaho,1.0,8,2020-06-18,2020-06-23,West,23.0,28.3,31.7,0,0,1
Idaho,1.0,9,2020-06-25,2020-06-30,West,29.5,32.9,40.7,0,0,1
Idaho,1.0,10,2020-07-02,2020-07-07,West,25.6,32.7,37.7,0,0,1
Idaho,1.0,11,2020-07-09,2020-07-14,West,27.5,32.4,37.3,0,0,1
Idaho,1.0,12,2020-07-16,2020-07-21,West,34.2,37.3,45.5,0,0,1
Idaho,2.0,13,2020-08-19,2020-08-31,West,22.8,28.7,32.6,0,0,1
Idaho,2.0,14,2020-09-02,2020-09-14,West,21.8,31.2,35.3,0,0,1
Idaho,2.0,15,2020-09-16,2020-09-28,West,22.8,29.3,33.2,0,0,1
Idaho,2.0,16,2020-09-30,2020-10-12,West,21.0,29.4,33.3,0,0,1
Idaho,2.0,17,2020-10-14,2020-10-26,West,25.9,31.2,35.9,0,0,1
Idaho,3.0,18,2020-10-28,2020-11-09,West,28.1,35.3,42.2,0,0,1
Idaho,3.0,19,2020-11-11,2020-11-23,West,27.2,32.9,40.5,0,0,1
Idaho,3.0,20,2020-11-25,2020-12-07,West,30.6,34.0,41.3,0,0,1
Idaho,3.0,21,2020-12-09,2020-12-21,West,31.1,37.9,43.7,0,0,1
Idaho,3.0,22,2021-01-06,2021-01-18,West,27.5,34.0,38.8,0,0,1
Idaho,3.0,23,2021-01-20,2021-02-01,West,28.1,32.0,40.0,0,0,1
Idaho,3.0,24,2021-02-03,2021-02-15,West,26.6,30.5,36.9,0,0,1
Idaho,3.0,25,2021-02-17,2021-03-01,West,24.1,30.2,35.9,0,0,1
Idaho,3.0,26,2021-03-03,2021-03-15,West,21.6,30.9,34.9,0,0,1
Idaho,3.0,27,2021-03-17,2021-03-29,West,23.1,24.7,31.1,0,0,1
Idaho,3.1,28,2021-04-14,2021-04-26,West,22.3,23.4,30.8,0,0,1
Idaho,3.1,29,2021-04-28,2021-05-10,West,17.7,23.0,25.8,0,0,1
Idaho,3.1,30,2021-05-12,2021-05-24,West,18.9,23.9,28.9,0,0,1
Idaho,3.1,31,2021-05-26,2021-06-07,West,17.3,22.3,23.9,0,0,1
Idaho,3.1,32,2021-06-09,2021-06-21,West,21.3,26.1,29.5,0,0,1
Idaho,3.1,33,2021-06-23,2021-07-05,West,20.7,24.1,28.9,0,0,1
Idaho,3.2,34,2021-07-21,2021-08-02,West,19.4,24.7,26.9,0,0,1
Idaho,3.2,35,2021-08-04,2021-08-16,West,21.4,26.8,31.9,0,0,1
Idaho,3.2,36,2021-08-18,2021-08-30,West,17.8,25.7,27.9,0,0,1
Idaho,3.2,37,2021-09-01,2021-09-13,West,20.1,26.0,30.1,0,0,1
Idaho,3.2,38,2021-09-15,2021-09-27,West,21.3,25.1,29.7,0,0,1
Idaho,3.2,39,2021-09-29,2021-10-11,West,21.6,29.1,33.0,0,0,1
Idaho,3.3,40,2021-12-01,2021-12-13,West,22.1,28.7,32.2,0,0,1
Idaho,3.3,41,2021-12-29,2022-01-10,West,21.0,24.4,28.8,0,0,1
Idaho,3.3,42,2022-01-26,2022-02-07,West,17.0,23.3,26.2,0,0,1
Idaho,3.4,43,2022-03-02,2022-03-14,West,18.3,27.3,30.1,0,0,1
Idaho,3.4,44,2022-03-30,2022-04-11,West,21.0,25.0,29.6,0,0,1
Idaho,3.4,45,2022-04-27,2022-05-09,West,22.3,26.3,29.2,0,0,1
Idaho,3.5,46,2022-06-01,2022-06-13,West,18.8,27.6,30.3,0,0,1
Idaho,3.5,47,2022-06-29,2022-07-11,West,25.7,29.8,33.2,0,0,1
Idaho,3.5,48,2022-07-27,2022-08-08,West,17.7,26.9,31.0,0,0,1
Idaho,3.6,49,2022-09-14,2022-09-26,West,26.3,30.2,34.4,0,0,1
Idaho,3.6,50,2022-10-05,2022-10-17,West,22.6,29.6,33.4,0,0,1
Idaho,3.6,51,2022-11-02,2022-11-14,West,20.9,31.9,34.0,0,0,1
Idaho,3.7,52,2022-12-09,2022-12-19,West,19.5,25.8,29.6,0,0,1
Idaho,3.7,53,2023-01-04,2023-01-16,West,25.3,30.1,35.9,0,0,1
Idaho,3.7,54,2023-02-01,2023-02-13,West,19.6,26.7,30.2,0,0,1
Idaho,3.8,55,2023-03-01,2023-03-13,West,22.4,30.3,34.5,0,0,1
Idaho,3.8,56,2023-03-29,2023-04-10,West,25.7,28.5,34.2,0,0,1
Idaho,3.8,57,2023-04-26,2023-05-08,West,26.2,33.2,37.1,0,0,1
Idaho,3.9,58,2023-06-07,2023-06-19,West,20.5,29.0,31.9,0,0,1
Idaho,3.9,59,2023-06-28,2023-07-10,West,17.5,27.3,29.5,0,0,1
Idaho,3.9,60,2023-07-26,2023-08-07,West,19.9,30.1,34.0,0,0,1
Idaho,3.1,61,2023-08-23,2023-09-04,West,19.7,24.5,29.7,0,0,1
Idaho,3.1,62,2023-09-20,2023-10-02,West,20.2,25.9,30.7,0,0,1
Illinois,1.0,1,2020-04-23,2020-05-05,Midwest,23.3,31.1,36.6,0,0,0
Illinois,1.0,2,2020-05-07,2020-05-12,Midwest,29.2,35.7,41.8,0,0,0
Illinois,1.0,3,2020-05-14,2020-05-19,Midwest,24.3,28.5,35.2,0,0,0
Illinois,1.0,4,2020-05-21,2020-05-26,Midwest,24.2,30.3,35.6,0,0,0
Illinois,1.0,5,2020-05-28,2020-06-02,Midwest,26.9,31.3,37.0,0,0,0
Illinois,1.0,6,2020-06-04,2020-06-09,Midwest,27.9,34.2,39.5,0,0,0
Illinois,1.0,7,2020-06-11,2020-06-16,Midwest,24.8,31.0,34.6,0,0,0
Illinois,1.0,8,2020-06-18,2020-06-23,Midwest,23.8,30.6,34.2,0,0,0
Illinois,1.0,9,2020-06-25,2020-06-30,Midwest,28.1,33.7,39.6,0,0,0
Illinois,1.0,10,2020-07-02,2020-07-07,Midwest,27.6,35.1,39.4,0,0,0
Illinois,1.0,11,2020-07-09,2020-07-14,Midwest,23.7,28.9,34.0,0,0,0
Illinois,1.0,12,2020-07-16,2020-07-21,Midwest,29.5,38.0,43.2,0,0,0
Illinois,2.0,13,2020-08-19,2020-08-31,Midwest,23.5,33.7,38.2,0,0,0
Illinois,2.0,14,2020-09-02,2020-09-14,Midwest,24.2,32.6,37.6,0,0,0
Illinois,2.0,15,2020-09-16,2020-09-28,Midwest,23.9,30.8,36.3,0,0,0
Illinois,2.0,16,2020-09-30,2020-10-12,Midwest,24.1,32.2,36.6,0,0,0
Illinois,2.0,17,2020-10-14,2020-10-26,Midwest,24.2,30.5,34.8,0,0,0
Illinois,3.0,18,2020-10-28,2020-11-09,Midwest,28.5,36.2,41.8,0,0,0
Illinois,3.0,19,2020-11-11,2020-11-23,Midwest,30.4,37.4,42.6,0,0,0
Illinois,3.0,20,2020-11-25,2020-12-07,Midwest,30.0,37.6,43.1,0,0,0
Illinois,3.0,21,2020-12-09,2020-12-21,Midwest,25.5,35.7,39.5,0,0,0
Illinois,3.0,22,2021-01-06,2021-01-18,Midwest,26.5,35.6,40.9,0,0,0
Illinois,3.0,23,2021-01-20,2021-02-01,Midwest,27.1,32.3,38.5,0,0,0
Illinois,3.0,24,2021-02-03,2021-02-15,Midwest,27.9,30.7,37.5,0,0,0
Illinois,3.0,25,2021-02-17,2021-03-01,Midwest,27.4,34.2,38.2,0,0,0
Illinois,3.0,26,2021-03-03,2021-03-15,Midwest,27.5,30.0,35.4,0,0,0
Illinois,3.0,27,2021-03-17,2021-03-29,Midwest,25.5,31.1,36.4,0,0,0
Illinois,3.1,28,2021-04-14,2021-04-26,Midwest,18.3,25.1,29.7,0,0,0
Illinois,3.1,29,2021-04-28,2021-05-10,Midwest,21.2,26.6,29.8,0,0,0
Illinois,3.1,30,2021-05-12,2021-05-24,Midwest,21.0,24.5,29.1,0,0,0
Illinois,3.1,31,2021-05-26,2021-06-07,Midwest,21.2,25.1,28.2,0,0,0
Illinois,3.1,32,2021-06-09,2021-06-21,Midwest,22.3,22.5,29.4,0,0,0
Illinois,3.1,33,2021-06-23,2021-07-05,Midwest,16.0,21.5,24.0,0,0,0
Illinois,3.2,34,2021-07-21,2021-08-02,Midwest,20.5,26.3,29.6,0,0,0
Illinois,3.2,35,2021-08-04,2021-08-16,Midwest,20.0,23.9,28.1,0,0,0
Illinois,3.2,36,2021-08-18,2021-08-30,Midwest,20.3,24.8,28.6,0,0,0
Illinois,3.2,37,2021-09-01,2021-09-13,Midwest,21.0,28.0,31.4,0,0,0
Illinois,3.2,38,2021-09-15,2021-09-27,Midwest,20.5,25.6,29.7,0,0,0
Illinois,3.2,39,2021-09-29,2021-10-11,Midwest,20.5,26.7,31.3,0,0,0
Illinois,3.3,40,2021-12-01,2021-12-13,Midwest,18.0,23.8,27.6,0,0,0
Illinois,3.3,41,2021-12-29,2022-01-10,Midwest,19.0,25.7,29.7,0,0,0
Illinois,3.3,42,2022-01-26,2022-02-07,Midwest,23.0,27.8,32.6,0,0,0
Illinois,3.4,43,2022-03-02,2022-03-14,Midwest,22.8,27.5,32.3,0,0,0
Illinois,3.4,44,2022-03-30,2022-04-11,Midwest,23.4,27.5,31.4,0,0,0
Illinois,3.4,45,2022-04-27,2022-05-09,Midwest,18.0,26.3,29.7,0,0,0
Illinois,3.5,46,2022-06-01,2022-06-13,Midwest,17.6,28.2,30.7,0,0,0
Illinois,3.5,47,2022-06-29,2022-07-11,Midwest,24.4,27.4,32.3,0,0,0
Illinois,3.5,48,2022-07-27,2022-08-08,Midwest,23.5,26.1,31.6,0,0,0
Illinois,3.6,49,2022-09-14,2022-09-26,Midwest,22.4,30.2,33.3,0,0,0
Illinois,3.6,50,2022-10-05,2022-10-17,Midwest,18.4,25.5,28.9,0,0,0
Illinois,3.6,51,2022-11-02,2022-11-14,Midwest,21.9,30.8,35.2,0,0,0
Illinois,3.7,52,2022-12-09,2022-12-19,Midwest,21.7,26.8,29.9,0,0,0
Illinois,3.7,53,2023-01-04,2023-01-16,Midwest,18.2,26.5,28.5,0,0,0
Illinois,3.7,54,2023-02-01,2023-02-13,Midwest,20.2,24.5,28.7,0,0,0
Illinois,3.8,55,2023-03-01,2023-03-13,Midwest,20.0,27.1,31.4,0,0,0
Illinois,3.8,56,2023-03-29,2023-04-10,Midwest,19.4,28.6,32.2,0,0,0
Illinois,3.8,57,2023-04-26,2023-05-08,Midwest,23.3,29.9,33.3,0,0,0
Illinois,3.9,58,2023-06-07,2023-06-19,Midwest,18.8,23.3,29.0,0,0,0
Illinois,3.9,59,2023-06-28,2023-07-10,Midwest,22.1,27.4,33.1,0,0,0
Illinois,3.9,60,2023-07-26,2023-08-07,Midwest,20.8,27.7,31.9,0,0,0
Illinois,3.1,61,2023-08-23,2023-09-04,Midwest,17.5,20.8,26.8,0,0,0
Illinois,3.1,62,2023-09-20,2023-10-02,Midwest,20.3,27.8,33.3,0,0,0
Indiana,1.0,1,2020-04-23,2020-05-05,Midwest,26.4,31.8,37.8,0,0,0
Indiana,1.0,2,2020-05-07,2020-05-12,Midwest,19.9,31.5,34.9,0,0,0
Indiana,1.0,3,2020-05-14,2020-05-19,Midwest,24.5,32.6,37.3,0,0,0
Indiana,1.0,4,2020-05-21,2020-05-26,Midwest,24.8,30.5,35.2,0,0,0
Indiana,1.0,5,2020-05-28,2020-06-02,Midwest,25.6,31.5,36.2,0,0,0
Indiana,1.0,6,2020-06-04,2020-06-09,Midwest,22.2,28.7,32.1,0,0,0
Indiana,1.0,7,2020-06-11,2020-06-16,Midwest,26.6,33.8,39.3,0,0,0
Indiana,1.0,8,2020-06-18,2020-06-23,Midwest,23.7,30.6,35.9,0,0,0
Indiana,1.0,9,2020-06-25,2020-06-30,Midwest,26.2,34.7,38.1,0,0,0
Indiana,1.0,10,2020-07-02,2020-07-07,Midwest,27.7,34.8,39.0,0,0,0
Indiana,1.0,11,2020-07-09,2020-07-14,Midwest,29.4,36.8,40.7,0,0,0
Indiana,1.0,12,2020-07-16,2020-07-21,Midwest,32.0,36.8,42.0,0,0,0
Indiana,2.0,13,2020-08-19,2020-08-31,Midwest,25.4,32.0,38.2,0,0,0
Indiana,2.0,14,2020-09-02,2020-09-14,Midwest,20.7,30.0,33.1,0,0,0
Indiana,2.0,15,2020-09-16,2020-09-28,Midwest,24.5,31.8,36.6,0,0,0
Indiana,2.0,16,2020-09-30,2020-10-12,Midwest,23.1,30.1,34.3,0,0,0
Indiana,2.0,17,2020-10-14,2020-10-26,Midwest,27.2,35.3,38.8,0,0,0
Indiana,3.0,18,2020-10-28,2020-11-09,Midwest,29.4,35.0,40.9,0,0,0
Indiana,3.0,19,2020-11-11,2020-11-23,Midwest,27.0,34.1,39.5,0,0,0
Indiana,3.0,20,2020-11-25,2020-12-07,Midwest,30.8,37.7,43.7,0,0,0
Indiana,3.0,21,2020-12-09,2020-12-21,Midwest,27.8,34.2,40.8,0,0,0
Indiana,3.0,22,2021-01-06,2021-01-18,Midwest,26.4,32.8,38.7,0,0,0
Indiana,3.0,23,2021-01-20,2021-02-01,Midwest,28.0,36.8,42.2,0,0,0
Indiana,3.0,24,2021-02-03,2021-02-15,Midwest,25.7,32.7,37.5,0,0,0
Indiana,3.0,25,2021-02-17,2021-03-01,Midwest,26.9,33.9,38.8,0,0,0
Indiana,3.0,26,2021-03-03,2021-03-15,Midwest,24.9,29.2,32.8,0,0,0
Indiana,3.0,27,2021-03-17,2021-03-29,Midwest,24.6,28.3,32.0,0,0,0
Indiana,3.1,28,2021-04-14,2021-04-26,Midwest,22.6,29.7,33.2,0,0,0
Indiana,3.1,29,2021-04-28,2021-05-10,Midwest,20.4,24.3,27.4,0,0,0
Indiana,3.1,30,2021-05-12,2021-05-24,Midwest,21.5,24.0,27.9,0,0,0
Indiana,3.1,31,2021-05-26,2021-06-07,Midwest,21.0,24.7,29.3,0,0,0
Indiana,3.1,32,2021-06-09,2021-06-21,Midwest,20.5,24.3,30.2,0,0,0
Indiana,3.1,33,2021-06-23,2021-07-05,Midwest,21.1,24.4,28.8,0,0,0
Indiana,3.2,34,2021-07-21,2021-08-02,Midwest,23.2,25.6,31.8,0,0,0
Indiana,3.2,35,2021-08-04,2021-08-16,Midwest,18.5,22.4,28.0,0,0,0
Indiana,3.2,36,2021-08-18,2021-08-30,Midwest,21.3,27.2,31.3,0,0,0
Indiana,3.2,37,2021-09-01,2021-09-13,Midwest,21.8,26.1,30.5,0,0,0
Indiana,3.2,38,2021-09-15,2021-09-27,Midwest,20.5,27.7,31.4,0,0,0
Indiana,3.2,39,2021-09-29,2021-10-11,Midwest,20.7,23.3,28.6,0,0,0
Indiana,3.3,40,2021-12-01,2021-12-13,Midwest,21.7,24.9,30.2,0,0,0
Indiana,3.3,41,2021-12-29,2022-01-10,Midwest,24.1,27.4,32.2,0,0,0
Indiana,3.3,42,2022-01-26,2022-02-07,Midwest,20.7,25.2,29.2,0,0,0
Indiana,3.4,43,2022-03-02,2022-03-14,Midwest,20.8,26.3,29.9,0,0,0
Indiana,3.4,44,2022-03-30,2022-04-11,Midwest,21.7,25.5,28.2,0,0,0
Indiana,3.4,45,2022-04-27,2022-05-09,Midwest,21.8,24.5,28.7,0,0,0
Indiana,3.5,46,2022-06-01,2022-06-13,Midwest,22.3,30.3,34.0,0,0,0
Indiana,3.5,47,2022-06-29,2022-07-11,Midwest,24.9,34.3,38.1,0,0,0
Indiana,3.5,48,2022-07-27,2022-08-08,Midwest,18.1,27.0,30.7,0,0,0
Indiana,3.6,49,2022-09-14,2022-09-26,Midwest,26.0,34.7,38.1,0,0,0
Indiana,3.6,50,2022-10-05,2022-10-17,Midwest,29.3,34.9,40.8,0,0,0
Indiana,3.6,51,2022-11-02,2022-11-14,Midwest,24.5,30.9,36.2,0,0,0
Indiana,3.7,52,2022-12-09,2022-12-19,Midwest,24.5,30.2,36.4,0,0,0
Indiana,3.7,53,2023-01-04,2023-01-16,Midwest,21.4,26.7,31.2,0,0,0
Indiana,3.7,54,2023-02-01,2023-02-13,Midwest,22.6,29.3,32.9,0,0,0
Indiana,3.8,55,2023-03-01,2023-03-13,Midwest,22.5,28.7,33.9,0,0,0
Indiana,3.8,56,2023-03-29,2023-04-10,Midwest,22.6,29.0,33.0,0,0,0
Indiana,3.8,57,2023-04-26,2023-05-08,Midwest,23.2,27.9,33.5,0,0,0
Indiana,3.9,58,2023-06-07,2023-06-19,Midwest,24.4,29.2,34.8,0,0,0
Indiana,3.9,59,2023-06-28,2023-07-10,Midwest,21.4,28.2,32.7,0,0,0
Indiana,3.9,60,2023-07-26,2023-08-07,Midwest,20.2,30.5,33.9,0,0,0
Indiana,3.1,61,2023-08-23,2023-09-04,Midwest,20.3,26.9,30.2,0,0,0
Indiana,3.1,62,2023-09-20,2023-10-02,Midwest,22.6,26.8,32.4,0,0,0
Iowa,1.0,1,2020-04-23,2020-05-05,Midwest,16.5,22.5,28.2,0,0,0
Iowa,1.0,2,2020-05-07,2020-05-12,Midwest,18.1,20.3,26.1,0,0,0
Iowa,1.0,3,2020-05-14,2020-05-19,Midwest,18.6,19.0,23.8,0,0,0
Iowa,1.0,4,2020-05-21,2020-05-26,Midwest,17.6,20.6,25.9,0,0,0
Iowa,1.0,5,2020-05-28,2020-06-02,Midwest,22.6,27.8,32.9,0,0,0
Iowa,1.0,6,2020-06-04,2020-06-09,Midwest,25.7,31.9,34.9,0,0,0
Iowa,1.0,7,2020-06-11,2020-06-16,Midwest,22.4,26.1,31.6,0,0,0
Iowa,1.0,8,2020-06-18,2020-06-23,Midwest,26.1,32.4,37.4,0,0,0
Iowa,1.0,9,2020-06-25,2020-06-30,Midwest,23.1,31.5,34.3,0,0,0
Iowa,1.0,10,2020-07-02,2020-07-07,Midwest,17.5,29.6,31.6,0,0,0
Iowa,1.0,11,2020-07-09,2020-07-14,Midwest,17.7,25.2,28.9,0,0,0
Iowa,1.0,12,2020-07-16,2020-07-21,Midwest,25.3,31.3,37.8,0,0,0
Iowa,2.0,13,2020-08-19,2020-08-31,Midwest,20.0,28.0,33.2,0,0,0
Iowa,2.0,14,2020-09-02,2020-09-14,Midwest,22.8,26.8,32.0,0,0,0
Iowa,2.0,15,2020-09-16,2020-09-28,Midwest,25.5,27.5,34.2,0,0,0
Iowa,2.0,16,2020-09-30,2020-10-12,Midwest,19.6,26.8,29.6,0,0,0
Iowa,2.0,17,2020-10-14,2020-10-26,Midwest,22.4,29.9,33.4,0,0,0
Iowa,3.0,18,2020-10-28,2020-11-09,Midwest,29.4,41.0,44.3,0,0,0
Iowa,3.0,19,2020-11-11,2020-11-23,Midwest,25.5,32.9,39.7,0,0,0
Iowa,3.0,20,2020-11-25,2020-12-07,Midwest,24.3,31.0,36.1,0,0,0
Iowa,3.0,21,2020-12-09,2020-12-21,Midwest,29.9,34.5,39.5,0,0,0
Iowa,3.0,22,2021-01-06,2021-01-18,Midwest,28.0,31.1,36.3,0,0,0
Iowa,3.0,23,2021-01-20,2021-02-01,Midwest,25.6,31.8,38.5,0,0,0
Iowa,3.0,24,2021-02-03,2021-02-15,Midwest,25.0,30.0,35.5,0,0,0
Iowa,3.0,25,2021-02-17,2021-03-01,Midwest,25.3,29.1,34.3,0,0,0
Iowa,3.0,26,2021-03-03,2021-03-15,Midwest,24.5,27.2,33.3,0,0,0
Iowa,3.0,27,2021-03-17,2021-03-29,Midwest,21.9,25.5,30.1,0,0,0
Iowa,3.1,28,2021-04-14,2021-04-26,Midwest,23.0,24.0,29.4,0,0,0
Iowa,3.1,29,2021-04-28,2021-05-10,Midwest,19.5,25.2,27.7,0,0,0
Iowa,3.1,30,2021-05-12,2021-05-24,Midwest,19.2,23.6,26.2,0,0,0
Iowa,3.1,31,2021-05-26,2021-06-07,Midwest,19.8,23.9,27.8,0,0,0
Iowa,3.1,32,2021-06-09,2021-06-21,Midwest,22.9,28.7,32.4,0,0,0
Iowa,3.1,33,2021-06-23,2021-07-05,Midwest,15.4,22.7,25.3,0,0,0
Iowa,3.2,34,2021-07-21,2021-08-02,Midwest,19.7,24.8,26.9,0,0,0
Iowa,3.2,35,2021-08-04,2021-08-16,Midwest,17.4,23.4,27.1,0,0,0
Iowa,3.2,36,2021-08-18,2021-08-30,Midwest,20.1,24.2,28.5,0,0,0
Iowa,3.2,37,2021-09-01,2021-09-13,Midwest,20.2,25.3,28.9,0,0,0
Iowa,3.2,38,2021-09-15,2021-09-27,Midwest,18.9,24.8,30.4,0,0,0
Iowa,3.2,39,2021-09-29,2021-10-11,Midwest,19.7,23.0,27.2,0,0,0
Iowa,3.3,40,2021-12-01,2021-12-13,Midwest,20.7,26.4,29.8,0,0,0
Iowa,3.3,41,2021-12-29,2022-01-10,Midwest,19.1,24.8,28.0,0,0,0
Iowa,3.3,42,2022-01-26,2022-02-07,Midwest,15.0,21.4,24.5,0,0,0
Iowa,3.4,43,2022-03-02,2022-03-14,Midwest,21.3,23.7,28.7,0,0,0
Iowa,3.4,44,2022-03-30,2022-04-11,Midwest,20.7,23.6,28.1,0,0,0
Iowa,3.4,45,2022-04-27,2022-05-09,Midwest,19.0,24.8,28.0,0,0,0
Iowa,3.5,46,2022-06-01,2022-06-13,Midwest,25.3,30.0,34.7,0,0,0
Iowa,3.5,47,2022-06-29,2022-07-11,Midwest,19.9,24.4,26.8,0,0,0
Iowa,3.5,48,2022-07-27,2022-08-08,Midwest,19.9,24.5,28.7,0,0,0
Iowa,3.6,49,2022-09-14,2022-09-26,Midwest,21.0,24.9,31.4,0,0,0
Iowa,3.6,50,2022-10-05,2022-10-17,Midwest,22.0,28.4,31.8,0,0,0
Iowa,3.6,51,2022-11-02,2022-11-14,Midwest,24.0,27.5,33.7,0,0,0
Iowa,3.7,52,2022-12-09,2022-12-19,Midwest,21.1,28.2,32.2,0,0,0
Iowa,3.7,53,2023-01-04,2023-01-16,Midwest,19.1,23.3,27.8,0,0,0
Iowa,3.7,54,2023-02-01,2023-02-13,Midwest,18.6,25.6,29.4,0,0,0
Iowa,3.8,55,2023-03-01,2023-03-13,Midwest,24.4,27.9,32.8,0,0,0
Iowa,3.8,56,2023-03-29,2023-04-10,Midwest,21.6,28.1,33.0,0,0,0
Iowa,3.8,57,2023-04-26,2023-05-08,Midwest,18.3,24.4,27.2,0,0,0
Iowa,3.9,58,2023-06-07,2023-06-19,Midwest,21.2,26.8,31.8,0,0,0
Iowa,3.9,59,2023-06-28,2023-07-10,Midwest,21.0,29.4,32.7,0,0,0
Iowa,3.9,60,2023-07-26,2023-08-07,Midwest,20.9,25.5,30.0,0,0,0
Iowa,3.1,61,2023-08-23,2023-09-04,Midwest,20.5,26.8,31.5,0,0,0
Iowa,3.1,62,2023-09-20,2023-10-02,Midwest,21.0,25.6,30.6,0,0,0
Kansas,1.0,1,2020-04-23,2020-05-05,Midwest,22.1,26.4,32.5,0,0,0
Kansas,1.0,2,2020-05-07,2020-05-12,Midwest,16.7,25.1,28.0,0,0,0
Kansas,1.0,3,2020-05-14,2020-05-19,Midwest,21.2,26.7,31.1,0,0,0
Kansas,1.0,4,2020-05-21,2020-05-26,Midwest,25.2,30.1,33.2,0,0,0
Kansas,1.0,5,2020-05-28,2020-06-02,Midwest,23.1,28.3,32.0,0,0,0
Kansas,1.0,6,2020-06-04,2020-06-09,Midwest,28.6,29.9,36.6,0,0,0
Kansas,1.0,7,2020-06-11,2020-06-16,Midwest,24.6,30.5,37.1,0,0,0
Kansas,1.0,8,2020-06-18,2020-06-23,Midwest,24.4,29.4,32.9,0,0,0
Kansas,1.0,9,2020-06-25,2020-06-30,Midwest,20.9,28.0,31.4,0,0,0
Kansas,1.0,10,2020-07-02,2020-07-07,Midwest,21.5,32.3,35.8,0,0,0
Kansas,1.0,11,2020-07-09,2020-07-14,Midwest,24.8,28.8,35.2,0,0,0
Kansas,1.0,12,2020-07-16,2020-07-21,Midwest,30.5,34.8,39.9,0,0,0
Kansas,2.0,13,2020-08-19,2020-08-31,Midwest,24.3,32.0,35.9,0,0,0
Kansas,2.0,14,2020-09-02,2020-09-14,Midwest,19.3,28.7,32.5,0,0,0
Kansas,2.0,15,2020-09-16,2020-09-28,Midwest,22.9,30.6,35.2,0,0,0
Kansas,2.0,16,2020-09-30,2020-10-12,Midwest,22.7,32.3,36.2,0,0,0
Kansas,2.0,17,2020-10-14,2020-10-26,Midwest,26.2,34.8,39.6,0,0,0
Kansas,3.0,18,2020-10-28,2020-11-09,Midwest,30.9,40.4,43.6,0,0,0
Kansas,3.0,19,2020-11-11,2020-11-23,Midwest,26.5,34.9,40.0,0,0,0
Kansas,3.0,20,2020-11-25,2020-12-07,Midwest,27.6,31.9,36.8,0,0,0
Kansas,3.0,21,2020-12-09,2020-12-21,Midwest,30.6,35.9,41.5,0,0,0
Kansas,3.0,22,2021-01-06,2021-01-18,Midwest,25.5,33.9,38.7,0,0,0
Kansas,3.0,23,2021-01-20,2021-02-01,Midwest,24.6,32.1,36.5,0,0,0
Kansas,3.0,24,2021-02-03,2021-02-15,Midwest,24.8,29.3,34.5,0,0,0
Kansas,3.0,25,2021-02-17,2021-03-01,Midwest,22.9,27.6,31.5,0,0,0
Kansas,3.0,26,2021-03-03,2021-03-15,Midwest,27.2,29.4,37.7,0,0,0
Kansas,3.0,27,2021-03-17,2021-03-29,Midwest,23.3,27.2,32.1,0,0,0
Kansas,3.1,28,2021-04-14,2021-04-26,Midwest,20.6,24.0,28.7,0,0,0
Kansas,3.1,29,2021-04-28,2021-05-10,Midwest,21.7,25.7,29.7,0,0,0
Kansas,3.1,30,2021-05-12,2021-05-24,Midwest,16.1,21.9,25.1,0,0,0
Kansas,3.1,31,2021-05-26,2021-06-07,Midwest,18.9,21.8,25.4,0,0,0
Kansas,3.1,32,2021-06-09,2021-06-21,Midwest,19.7,19.9,25.9,0,0,0
Kansas,3.1,33,2021-06-23,2021-07-05,Midwest,16.9,23.6,27.5,0,0,0
Kansas,3.2,34,2021-07-21,2021-08-02,Midwest,19.1,26.0,28.3,0,0,0
Kansas,3.2,35,2021-08-04,2021-08-16,Midwest,18.5,23.8,28.2,0,0,0
Kansas,3.2,36,2021-08-18,2021-08-30,Midwest,19.4,25.8,29.4,0,0,0
Kansas,3.2,37,2021-09-01,2021-09-13,Midwest,23.3,30.0,33.7,0,0,0
Kansas,3.2,38,2021-09-15,2021-09-27,Midwest,25.6,31.2,35.7,0,0,0
Kansas,3.2,39,2021-09-29,2021-10-11,Midwest,18.9,26.8,29.2,0,0,0
Kansas,3.3,40,2021-12-01,2021-12-13,Midwest,21.6,24.9,31.1,0,0,0
Kansas,3.3,41,2021-12-29,2022-01-10,Midwest,20.0,25.4,28.8,0,0,0
Kansas,3.3,42,2022-01-26,2022-02-07,Midwest,21.5,25.7,29.8,0,0,0
Kansas,3.4,43,2022-03-02,2022-03-14,Midwest,21.4,27.7,31.3,0,0,0
Kansas,3.4,44,2022-03-30,2022-04-11,Midwest,22.3,28.4,32.7,0,0,0
Kansas,3.4,45,2022-04-27,2022-05-09,Midwest,18.8,26.1,27.8,0,0,0
Kansas,3.5,46,2022-06-01,2022-06-13,Midwest,17.9,24.4,28.1,0,0,0
Kansas,3.5,47,2022-06-29,2022-07-11,Midwest,20.4,25.3,29.9,0,0,0
Kansas,3.5,48,2022-07-27,2022-08-08,Midwest,22.1,28.8,32.8,0,0,0
Kansas,3.6,49,2022-09-14,2022-09-26,Midwest,25.8,31.0,37.5,0,0,0
Kansas,3.6,50,2022-10-05,2022-10-17,Midwest,23.5,31.7,36.1,0,0,0
Kansas,3.6,51,2022-11-02,2022-11-14,Midwest,25.5,29.1,35.1,0,0,0
Kansas,3.7,52,2022-12-09,2022-12-19,Midwest,22.9,28.7,32.6,0,0,0
Kansas,3.7,53,2023-01-04,2023-01-16,Midwest,22.4,28.8,32.0,0,0,0
Kansas,3.7,54,2023-02-01,2023-02-13,Midwest,21.3,26.0,30.5,0,0,0
Kansas,3.8,55,2023-03-01,2023-03-13,Midwest,21.3,23.9,30.3,0,0,0
Kansas,3.8,56,2023-03-29,2023-04-10,Midwest,22.2,29.3,33.6,0,0,0
Kansas,3.8,57,2023-04-26,2023-05-08,Midwest,21.1,27.8,31.5,0,0,0
Kansas,3.9,58,2023-06-07,2023-06-19,Midwest,20.5,26.4,31.0,0,0,0
Kansas,3.9,59,2023-06-28,2023-07-10,Midwest,21.4,29.4,33.9,0,0,0
Kansas,3.9,60,2023-07-26,2023-08-07,Midwest,20.6,25.4,31.9,0,0,0
Kansas,3.1,61,2023-08-23,2023-09-04,Midwest,19.1,23.4,27.2,0,0,0
Kansas,3.1,62,2023-09-20,2023-10-02,Midwest,21.1,26.5,32.2,0,0,0
Kentucky,1.0,1,2020-04-23,2020-05-05,South,23.2,31.6,36.4,0,1,0
Kentucky,1.0,2,2020-05-07,2020-05-12,South,25.6,29.6,37.7,0,1,0
Kentucky,1.0,3,2020-05-14,2020-05-19,South,22.8,27.7,35.5,0,1,0
Kentucky,1.0,4,2020-05-21,2020-05-26,South,23.2,30.8,34.7,0,1,0
Kentucky,1.0,5,2020-05-28,2020-06-02,South,28.5,33.3,39.0,0,1,0
Kentucky,1.0,6,2020-06-04,2020-06-09,South,25.5,33.0,37.6,0,1,0
Kentucky,1.0,7,2020-06-11,2020-06-16,South,22.6,26.6,31.9,0,1,0
Kentucky,1.0,8,2020-06-18,2020-06-23,South,29.0,33.2,38.3,0,1,0
Kentucky,1.0,9,2020-06-25,2020-06-30,South,26.4,33.9,38.5,0,1,0
Kentucky,1.0,10,2020-07-02,2020-07-07,South,27.4,36.3,39.9,0,1,0
Kentucky,1.0,11,2020-07-09,2020-07-14,South,30.7,37.8,42.2,0,1,0
Kentucky,1.0,12,2020-07-16,2020-07-21,South,30.6,35.9,41.7,0,1,0
Kentucky,2.0,13,2020-08-19,2020-08-31,South,27.9,34.6,38.7,0,1,0
Kentucky,2.0,14,2020-09-02,2020-09-14,South,30.1,34.2,40.3,0,1,0
Kentucky,2.0,15,2020-09-16,2020-09-28,South,30.7,32.4,39.8,0,1,0
Kentucky,2.0,16,2020-09-30,2020-10-12,South,31.5,37.8,42.8,0,1,0
Kentucky,2.0,17,2020-10-14,2020-10-26,South,29.5,35.3,41.9,0,1,0
Kentucky,3.0,18,2020-10-28,2020-11-09,South,27.1,37.6,40.8,0,1,0
Kentucky,3.0,19,2020-11-11,2020-11-23,South,26.5,32.4,38.9,0,1,0
Kentucky,3.0,20,2020-11-25,2020-12-07,South,33.9,40.2,45.9,0,1,0
Kentucky,3.0,21,2020-12-09,2020-12-21,South,33.4,37.9,43.9,0,1,0
Kentucky,3.0,22,2021-01-06,2021-01-18,South,29.6,35.8,40.4,0,1,0
Kentucky,3.0,23,2021-01-20,2021-02-01,South,30.5,37.6,43.6,0,1,0
Kentucky,3.0,24,2021-02-03,2021-02-15,South,28.7,30.8,39.0,0,1,0
Kentucky,3.0,25,2021-02-17,2021-03-01,South,34.0,40.1,45.9,0,1,0
Kentucky,3.0,26,2021-03-03,2021-03-15,South,30.5,33.4,39.7,0,1,0
Kentucky,3.0,27,2021-03-17,2021-03-29,South,23.4,27.9,33.5,0,1,0
Kentucky,3.1,28,2021-04-14,2021-04-26,South,28.2,29.0,34.8,0,1,0
Kentucky,3.1,29,2021-04-28,2021-05-10,South,25.3,30.8,35.2,0,1,0
Kentucky,3.1,30,2021-05-12,2021-05-24,South,20.9,27.6,31.4,0,1,0
Kentucky,3.1,31,2021-05-26,2021-06-07,South,19.5,23.0,28.4,0,1,0
Kentucky,3.1,32,2021-06-09,2021-06-21,South,22.0,30.1,33.2,0,1,0
Kentucky,3.1,33,2021-06-23,2021-07-05,South,26.2,28.6,34.3,0,1,0
Kentucky,3.2,34,2021-07-21,2021-08-02,South,24.1,27.9,33.7,0,1,0
Kentucky,3.2,35,2021-08-04,2021-08-16,South,23.9,27.9,34.6,0,1,0
Kentucky,3.2,36,2021-08-18,2021-08-30,South,23.1,31.5,33.8,0,1,0
Kentucky,3.2,37,2021-09-01,2021-09-13,South,25.4,30.7,33.0,0,1,0
Kentucky,3.2,38,2021-09-15,2021-09-27,South,18.9,26.3,29.1,0,1,0
Kentucky,3.2,39,2021-09-29,2021-10-11,South,28.6,30.9,36.2,0,1,0
Kentucky,3.3,40,2021-12-01,2021-12-13,South,28.2,33.5,36.7,0,1,0
Kentucky,3.3,41,2021-12-29,2022-01-10,South,24.8,30.3,34.2,0,1,0
Kentucky,3.3,42,2022-01-26,2022-02-07,South,24.6,29.4,33.7,0,1,0
Kentucky,3.4,43,2022-03-02,2022-03-14,South,23.1,31.5,34.8,0,1,0
Kentucky,3.4,44,2022-03-30,2022-04-11,South,30.0,32.4,37.5,0,1,0
Kentucky,3.4,45,2022-04-27,2022-05-09,South,25.0,32.8,35.8,0,1,0
Kentucky,3.5,46,2022-06-01,2022-06-13,South,30.7,38.0,42.0,0,1,0
Kentucky,3.5,47,2022-06-29,2022-07-11,South,27.2,37.6,40.4,0,1,0
Kentucky,3.5,48,2022-07-27,2022-08-08,South,23.8,27.0,31.5,0,1,0
Kentucky,3.6,49,2022-09-14,2022-09-26,South,24.9,32.1,35.9,0,1,0
Kentucky,3.6,50,2022-10-05,2022-10-17,South,33.1,38.9,44.0,0,1,0
Kentucky,3.6,51,2022-11-02,2022-11-14,South,29.3,35.3,39.1,0,1,0
Kentucky,3.7,52,2022-12-09,2022-12-19,South,28.1,33.2,38.1,0,1,0
Kentucky,3.7,53,2023-01-04,2023-01-16,South,24.5,29.3,35.9,0,1,0
Kentucky,3.7,54,2023-02-01,2023-02-13,South,25.6,33.4,37.4,0,1,0
Kentucky,3.8,55,2023-03-01,2023-03-13,South,24.4,35.0,38.3,0,1,0
Kentucky,3.8,56,2023-03-29,2023-04-10,South,27.4,31.3,38.9,0,1,0
Kentucky,3.8,57,2023-04-26,2023-05-08,South,26.5,29.1,35.7,0,1,0
Kentucky,3.9,58,2023-06-07,2023-06-19,South,22.1,27.7,32.2,0,1,0
Kentucky,3.9,59,2023-06-28,2023-07-10,South,24.1,30.2,36.4,0,1,0
Kentucky,3.9,60,2023-07-26,2023-08-07,South,27.0,33.5,39.2,0,1,0
Kentucky,3.1,61,2023-08-23,2023-09-04,South,21.2,26.4,32.0,0,1,0
Kentucky,3.1,62,2023-09-20,2023-10-02,South,27.8,32.6,37.4,0,1,0
Louisiana,1.0,1,2020-04-23,2020-05-05,South,28.1,34.4,38.9,0,1,0
Louisiana,1.0,2,2020-05-07,2020-05-12,South,30.0,34.6,42.8,0,1,0
Louisiana,1.0,3,2020-05-14,2020-05-19,South,26.5,27.9,34.2,0,1,0
Louisiana,1.0,4,2020-05-21,2020-05-26,South,31.1,36.0,41.4,0,1,0
Louisiana,1.0,5,2020-05-28,2020-06-02,South,26.8,31.0,36.3,0,1,0
Louisiana,1.0,6,2020-06-04,2020-06-09,South,28.4,32.5,36.5,0,1,0
Louisiana,1.0,7,2020-06-11,2020-06-16,South,34.5,38.4,43.5,0,1,0
Louisiana,1.0,8,2020-06-18,2020-06-23,South,35.6,41.3,46.8,0,1,0
Louisiana,1.0,9,2020-06-25,2020-06-30,South,32.2,40.5,44.9,0,1,0
Louisiana,1.0,10,2020-07-02,2020-07-07,South,33.5,38.6,44.8,0,1,0
Louisiana,1.0,11,2020-07-09,2020-07-14,South,31.1,40.6,45.4,0,1,0
Louisiana,1.0,12,2020-07-16,2020-07-21,South,31.7,38.5,43.1,0,1,0
Louisiana,2.0,13,2020-08-19,2020-08-31,South,26.9,37.1,39.7,0,1,0
Louisiana,2.0,14,2020-09-02,2020-09-14,South,30.3,36.8,41.7,0,1,0
Louisiana,2.0,15,2020-09-16,2020-09-28,South,29.6,38.5,44.5,0,1,0
Louisiana,2.0,16,2020-09-30,2020-10-12,South,28.4,36.9,41.5,0,1,0
Louisiana,2.0,17,2020-10-14,2020-10-26,South,31.6,33.6,41.2,0,1,0
Louisiana,3.0,18,2020-10-28,2020-11-09,South,30.3,37.6,42.3,0,1,0
Louisiana,3.0,19,2020-11-11,2020-11-23,South,35.5,38.4,46.8,0,1,0
Louisiana,3.0,20,2020-11-25,2020-12-07,South,35.5,43.1,47.3,0,1,0
Louisiana,3.0,21,2020-12-09,2020-12-21,South,39.4,45.5,50.0,0,1,0
Louisiana,3.0,22,2021-01-06,2021-01-18,South,30.4,38.4,43.5,0,1,0
Louisiana,3.0,23,2021-01-20,2021-02-01,South,34.0,43.4,47.5,0,1,0
Louisiana,3.0,24,2021-02-03,2021-02-15,South,31.3,36.9,42.7,0,1,0
Louisiana,3.0,25,2021-02-17,2021-03-01,South,31.9,39.0,42.5,0,1,0
Louisiana,3.0,26,2021-03-03,2021-03-15,South,31.9,35.7,41.0,0,1,0
Louisiana,3.0,27,2021-03-17,2021-03-29,South,30.0,31.0,37.1,0,1,0
Louisiana,3.1,28,2021-04-14,2021-04-26,South,26.7,31.0,34.4,0,1,0
Louisiana,3.1,29,2021-04-28,2021-05-10,South,26.0,30.4,34.3,0,1,0
Louisiana,3.1,30,2021-05-12,2021-05-24,South,27.6,27.6,33.3,0,1,0
Louisiana,3.1,31,2021-05-26,2021-06-07,South,24.5,31.8,34.2,0,1,0
Louisiana,3.1,32,2021-06-09,2021-06-21,South,23.8,31.7,36.3,0,1,0
Louisiana,3.1,33,2021-06-23,2021-07-05,South,21.9,24.4,29.8,0,1,0
Louisiana,3.2,34,2021-07-21,2021-08-02,South,31.3,36.0,40.9,0,1,0
Louisiana,3.2,35,2021-08-04,2021-08-16,South,30.4,34.9,38.4,0,1,0
Louisiana,3.2,36,2021-08-18,2021-08-30,South,27.6,36.2,39.3,0,1,0
Louisiana,3.2,37,2021-09-01,2021-09-13,South,31.2,40.1,44.4,0,1,0
Louisiana,3.2,38,2021-09-15,2021-09-27,South,30.6,39.2,41.7,0,1,0
Louisiana,3.2,39,2021-09-29,2021-10-11,South,24.3,28.8,32.5,0,1,0
Louisiana,3.3,40,2021-12-01,2021-12-13,South,25.5,36.7,38.7,0,1,0
Louisiana,3.3,41,2021-12-29,2022-01-10,South,24.0,26.6,30.7,0,1,0
Louisiana,3.3,42,2022-01-26,2022-02-07,South,28.4,29.3,35.2,0,1,0
Louisiana,3.4,43,2022-03-02,2022-03-14,South,26.1,35.2,37.9,0,1,0
Louisiana,3.4,44,2022-03-30,2022-04-11,South,26.3,33.5,36.7,0,1,0
Louisiana,3.4,45,2022-04-27,2022-05-09,South,20.0,28.4,30.6,0,1,0
Louisiana,3.5,46,2022-06-01,2022-06-13,South,30.0,34.7,40.2,0,1,0
Louisiana,3.5,47,2022-06-29,2022-07-11,South,30.0,36.6,40.4,0,1,0
Louisiana,3.5,48,2022-07-27,2022-08-08,South,24.6,30.3,34.5,0,1,0
Louisiana,3.6,49,2022-09-14,2022-09-26,South,30.5,40.2,46.0,0,1,0
Louisiana,3.6,50,2022-10-05,2022-10-17,South,33.0,40.8,45.6,0,1,0
Louisiana,3.6,51,2022-11-02,2022-11-14,South,25.7,32.0,36.9,0,1,0
Louisiana,3.7,52,2022-12-09,2022-12-19,South,32.0,33.1,40.3,0,1,0
Louisiana,3.7,53,2023-01-04,2023-01-16,South,30.8,30.7,39.2,0,1,0
Louisiana,3.7,54,2023-02-01,2023-02-13,South,30.3,33.3,39.1,0,1,0
Louisiana,3.8,55,2023-03-01,2023-03-13,South,23.1,32.0,36.5,0,1,0
Louisiana,3.8,56,2023-03-29,2023-04-10,South,23.4,26.3,33.0,0,1,0
Louisiana,3.8,57,2023-04-26,2023-05-08,South,23.0,30.0,34.7,0,1,0
Louisiana,3.9,58,2023-06-07,2023-06-19,South,26.9,35.1,39.1,0,1,0
Louisiana,3.9,59,2023-06-28,2023-07-10,South,27.4,32.5,39.4,0,1,0
Louisiana,3.9,60,2023-07-26,2023-08-07,South,24.7,32.7,38.5,0,1,0
Louisiana,3.1,61,2023-08-23,2023-09-04,South,22.9,25.8,32.7,0,1,0
Louisiana,3.1,62,2023-09-20,2023-10-02,South,26.9,36.6,40.0,0,1,0
Maine,1.0,1,2020-04-23,2020-05-05,Northeast,19.5,29.5,34.3,1,0,0
Maine,1.0,2,2020-05-07,2020-05-12,Northeast,17.1,28.9,32.9,1,0,0
Maine,1.0,3,2020-05-14,2020-05-19,Northeast,25.6,30.6,34.2,1,0,0
Maine,1.0,4,2020-05-21,2020-05-26,Northeast,18.5,24.5,27.8,1,0,0
Maine,1.0,5,2020-05-28,2020-06-02,Northeast,18.5,25.2,29.3,1,0,0
Maine,1.0,6,2020-06-04,2020-06-09,Northeast,20.6,31.5,35.4,1,0,0
Maine,1.0,7,2020-06-11,2020-06-16,Northeast,23.7,32.2,37.9,1,0,0
Maine,1.0,8,2020-06-18,2020-06-23,Northeast,19.0,24.1,28.7,1,0,0
Maine,1.0,9,2020-06-25,2020-06-30,Northeast,23.8,32.0,35.6,1,0,0
Maine,1.0,10,2020-07-02,2020-07-07,Northeast,26.6,32.8,36.3,1,0,0
Maine,1.0,11,2020-07-09,2020-07-14,Northeast,22.4,26.9,33.0,1,0,0
Maine,1.0,12,2020-07-16,2020-07-21,Northeast,25.3,35.7,37.8,1,0,0
Maine,2.0,13,2020-08-19,2020-08-31,Northeast,23.8,34.9,39.3,1,0,0
Maine,2.0,14,2020-09-02,2020-09-14,Northeast,20.4,29.8,33.7,1,0,0
Maine,2.0,15,2020-09-16,2020-09-28,Northeast,17.5,31.5,33.5,1,0,0
Maine,2.0,16,2020-09-30,2020-10-12,Northeast,24.4,33.2,36.3,1,0,0
Maine,2.0,17,2020-10-14,2020-10-26,Northeast,22.8,32.5,35.9,1,0,0
Maine,3.0,18,2020-10-28,2020-11-09,Northeast,27.8,40.5,43.8,1,0,0
Maine,3.0,19,2020-11-11,2020-11-23,Northeast,25.8,35.0,40.9,1,0,0
Maine,3.0,20,2020-11-25,2020-12-07,Northeast,24.8,32.4,36.9,1,0,0
Maine,3.0,21,2020-12-09,2020-12-21,Northeast,23.7,33.8,37.7,1,0,0
Maine,3.0,22,2021-01-06,2021-01-18,Northeast,22.2,34.8,40.6,1,0,0
Maine,3.0,23,2021-01-20,2021-02-01,Northeast,24.2,34.2,37.5,1,0,0
Maine,3.0,24,2021-02-03,2021-02-15,Northeast,23.0,32.5,38.2,1,0,0
Maine,3.0,25,2021-02-17,2021-03-01,Northeast,25.9,33.4,36.8,1,0,0
Maine,3.0,26,2021-03-03,2021-03-15,Northeast,28.3,37.4,41.5,1,0,0
Maine,3.0,27,2021-03-17,2021-03-29,Northeast,23.8,29.4,34.8,1,0,0
Maine,3.1,28,2021-04-14,2021-04-26,Northeast,13.4,22.7,25.7,1,0,0
Maine,3.1,29,2021-04-28,2021-05-10,Northeast,18.9,23.3,27.3,1,0,0
Maine,3.1,30,2021-05-12,2021-05-24,Northeast,15.7,22.6,26.2,1,0,0
Maine,3.1,31,2021-05-26,2021-06-07,Northeast,18.3,23.2,28.0,1,0,0
Maine,3.1,32,2021-06-09,2021-06-21,Northeast,20.1,24.6,28.6,1,0,0
Maine,3.1,33,2021-06-23,2021-07-05,Northeast,15.1,19.1,23.7,1,0,0
Maine,3.2,34,2021-07-21,2021-08-02,Northeast,17.2,30.6,34.5,1,0,0
Maine,3.2,35,2021-08-04,2021-08-16,Northeast,19.0,22.9,26.3,1,0,0
Maine,3.2,36,2021-08-18,2021-08-30,Northeast,20.0,28.8,31.0,1,0,0
Maine,3.2,37,2021-09-01,2021-09-13,Northeast,15.5,22.9,25.9,1,0,0
Maine,3.2,38,2021-09-15,2021-09-27,Northeast,18.1,28.0,31.2,1,0,0
Maine,3.2,39,2021-09-29,2021-10-11,Northeast,18.1,24.4,28.6,1,0,0
Maine,3.3,40,2021-12-01,2021-12-13,Northeast,20.0,25.9,30.9,1,0,0
Maine,3.3,41,2021-12-29,2022-01-10,Northeast,20.7,28.9,32.4,1,0,0
Maine,3.3,42,2022-01-26,2022-02-07,Northeast,23.4,27.9,31.3,1,0,0
Maine,3.4,43,2022-03-02,2022-03-14,Northeast,19.4,24.4,28.7,1,0,0
Maine,3.4,44,2022-03-30,2022-04-11,Northeast,20.7,29.5,33.3,1,0,0
Maine,3.4,45,2022-04-27,2022-05-09,Northeast,19.5,27.2,30.5,1,0,0
Maine,3.5,46,2022-06-01,2022-06-13,Northeast,18.9,26.9,31.3,1,0,0
Maine,3.5,47,2022-06-29,2022-07-11,Northeast,26.5,32.0,36.5,1,0,0
Maine,3.5,48,2022-07-27,2022-08-08,Northeast,16.1,25.6,30.2,1,0,0
Maine,3.6,49,2022-09-14,2022-09-26,Northeast,20.3,30.9,35.1,1,0,0
Maine,3.6,50,2022-10-05,2022-10-17,Northeast,20.4,33.3,35.5,1,0,0
Maine,3.6,51,2022-11-02,2022-11-14,Northeast,20.2,25.7,30.5,1,0,0
Maine,3.7,52,2022-12-09,2022-12-19,Northeast,19.7,30.9,33.5,1,0,0
Maine,3.7,53,2023-01-04,2023-01-16,Northeast,17.4,23.3,27.5,1,0,0
Maine,3.7,54,2023-02-01,2023-02-13,Northeast,23.2,30.9,33.8,1,0,0
Maine,3.8,55,2023-03-01,2023-03-13,Northeast,16.6,27.8,30.4,1,0,0
Maine,3.8,56,2023-03-29,2023-04-10,Northeast,14.7,23.4,25.3,1,0,0
Maine,3.8,57,2023-04-26,2023-05-08,Northeast,16.6,26.4,28.9,1,0,0
Maine,3.9,58,2023-06-07,2023-06-19,Northeast,22.1,25.9,28.1,1,0,0
Maine,3.9,59,2023-06-28,2023-07-10,Northeast,24.2,27.0,32.7,1,0,0
Maine,3.9,60,2023-07-26,2023-08-07,Northeast,18.8,27.4,30.8,1,0,0
Maine,3.1,61,2023-08-23,2023-09-04,Northeast,20.8,27.1,31.1,1,0,0
Maine,3.1,62,2023-09-20,2023-10-02,Northeast,21.8,28.1,31.0,1,0,0
Maryland,1.0,1,2020-04-23,2020-05-05,South,20.9,27.7,32.9,0,1,0
Maryland,1.0,2,2020-05-07,2020-05-12,South,24.6,30.1,34.6,0,1,0
Maryland,1.0,3,2020-05-14,2020-05-19,South,20.8,28.3,32.7,0,1,0
Maryland,1.0,4,2020-05-21,2020-05-26,South,22.9,25.8,31.6,0,1,0
Maryland,1.0,5,2020-05-28,2020-06-02,South,21.9,26.1,30.8,0,1,0
Maryland,1.0,6,2020-06-04,2020-06-09,South,18.4,22.8,26.9,0,1,0
Maryland,1.0,7,2020-06-11,2020-06-16,South,27.9,34.6,38.3,0,1,0
Maryland,1.0,8,2020-06-18,2020-06-23,South,22.0,30.1,33.3,0,1,0
Maryland,1.0,9,2020-06-25,2020-06-30,South,22.1,29.5,33.6,0,1,0
Maryland,1.0,10,2020-07-02,2020-07-07,South,22.5,32.2,36.1,0,1,0
Maryland,1.0,11,2020-07-09,2020-07-14,South,22.2,29.9,33.6,0,1,0
Maryland,1.0,12,2020-07-16,2020-07-21,South,29.5,33.2,39.3,0,1,0
Maryland,2.0,13,2020-08-19,2020-08-31,South,21.3,30.9,34.1,0,1,0
Maryland,2.0,14,2020-09-02,2020-09-14,South,23.3,29.8,35.4,0,1,0
Maryland,2.0,15,2020-09-16,2020-09-28,South,20.3,30.6,35.3,0,1,0
Maryland,2.0,16,2020-09-30,2020-10-12,South,24.4,30.6,36.9,0,1,0
Maryland,2.0,17,2020-10-14,2020-10-26,South,23.8,33.0,37.1,0,1,0
Maryland,3.0,18,2020-10-28,2020-11-09,South,24.7,35.7,39.7,0,1,0
Maryland,3.0,19,2020-11-11,2020-11-23,South,26.7,36.1,40.3,0,1,0
Maryland,3.0,20,2020-11-25,2020-12-07,South,27.0,34.2,38.1,0,1,0
Maryland,3.0,21,2020-12-09,2020-12-21,South,28.0,34.7,39.7,0,1,0
Maryland,3.0,22,2021-01-06,2021-01-18,South,27.4,32.9,38.8,0,1,0
Maryland,3.0,23,2021-01-20,2021-02-01,South,27.1,34.7,39.1,0,1,0
Maryland,3.0,24,2021-02-03,2021-02-15,South,26.6,33.8,37.3,0,1,0
Maryland,3.0,25,2021-02-17,2021-03-01,South,25.0,32.3,36.8,0,1,0
Maryland,3.0,26,2021-03-03,2021-03-15,South,24.3,31.5,36.8,0,1,0
Maryland,3.0,27,2021-03-17,2021-03-29,South,22.4,26.2,31.1,0,1,0
Maryland,3.1,28,2021-04-14,2021-04-26,South,21.2,27.5,32.5,0,1,0
Maryland,3.1,29,2021-04-28,2021-05-10,South,18.4,22.6,27.7,0,1,0
Maryland,3.1,30,2021-05-12,2021-05-24,South,18.0,24.1,27.7,0,1,0
Maryland,3.1,31,2021-05-26,2021-06-07,South,16.5,22.5,26.6,0,1,0
Maryland,3.1,32,2021-06-09,2021-06-21,South,22.6,26.9,31.1,0,1,0
Maryland,3.1,33,2021-06-23,2021-07-05,South,21.3,25.4,30.4,0,1,0
Maryland,3.2,34,2021-07-21,2021-08-02,South,18.3,24.9,27.4,0,1,0
Maryland,3.2,35,2021-08-04,2021-08-16,South,20.2,25.1,28.0,0,1,0
Maryland,3.2,36,2021-08-18,2021-08-30,South,21.4,28.0,31.4,0,1,0
Maryland,3.2,37,2021-09-01,2021-09-13,South,22.6,29.1,32.8,0,1,0
Maryland,3.2,38,2021-09-15,2021-09-27,South,20.9,26.3,30.4,0,1,0
Maryland,3.2,39,2021-09-29,2021-10-11,South,20.7,23.5,28.4,0,1,0
Maryland,3.3,40,2021-12-01,2021-12-13,South,19.5,23.6,28.2,0,1,0
Maryland,3.3,41,2021-12-29,2022-01-10,South,18.5,24.9,27.8,0,1,0
Maryland,3.3,42,2022-01-26,2022-02-07,South,23.2,25.4,31.1,0,1,0
Maryland,3.4,43,2022-03-02,2022-03-14,South,18.3,25.0,28.9,0,1,0
Maryland,3.4,44,2022-03-30,2022-04-11,South,21.2,25.1,29.7,0,1,0
Maryland,3.4,45,2022-04-27,2022-05-09,South,17.4,24.9,28.0,0,1,0
Maryland,3.5,46,2022-06-01,2022-06-13,South,21.5,29.2,32.9,0,1,0
Maryland,3.5,47,2022-06-29,2022-07-11,South,21.4,26.9,31.7,0,1,0
Maryland,3.5,48,2022-07-27,2022-08-08,South,20.0,26.8,31.0,0,1,0
Maryland,3.6,49,2022-09-14,2022-09-26,South,20.9,29.3,32.4,0,1,0
Maryland,3.6,50,2022-10-05,2022-10-17,South,20.0,26.0,30.3,0,1,0
Maryland,3.6,51,2022-11-02,2022-11-14,South,17.5,26.1,30.1,0,1,0
Maryland,3.7,52,2022-12-09,2022-12-19,South,19.8,24.8,27.6,0,1,0
Maryland,3.7,53,2023-01-04,2023-01-16,South,17.9,24.5,29.1,0,1,0
Maryland,3.7,54,2023-02-01,2023-02-13,South,18.6,23.9,27.3,0,1,0
Maryland,3.8,55,2023-03-01,2023-03-13,South,18.4,27.6,31.0,0,1,0
Maryland,3.8,56,2023-03-29,2023-04-10,South,21.9,27.6,32.8,0,1,0
Maryland,3.8,57,2023-04-26,2023-05-08,South,16.6,23.9,27.4,0,1,0
Maryland,3.9,58,2023-06-07,2023-06-19,South,16.8,25.5,28.3,0,1,0
Maryland,3.9,59,2023-06-28,2023-07-10,South,19.2,23.5,29.4,0,1,0
Maryland,3.9,60,2023-07-26,2023-08-07,South,20.9,26.6,30.1,0,1,0
Maryland,3.1,61,2023-08-23,2023-09-04,South,14.5,21.4,24.9,0,1,0
Maryland,3.1,62,2023-09-20,2023-10-02,South,19.5,26.4,30.6,0,1,0
Massachusetts,1.0,1,2020-04-23,2020-05-05,Northeast,25.9,37.0,40.6,1,0,0
Massachusetts,1.0,2,2020-05-07,2020-05-12,Northeast,18.9,28.7,31.0,1,0,0
Massachusetts,1.0,3,2020-05-14,2020-05-19,Northeast,22.8,27.4,32.0,1,0,0
Massachusetts,1.0,4,2020-05-21,2020-05-26,Northeast,20.3,25.5,29.5,1,0,0
Massachusetts,1.0,5,2020-05-28,2020-06-02,Northeast,20.3,26.7,29.9,1,0,0
Massachusetts,1.0,6,2020-06-04,2020-06-09,Northeast,21.8,26.1,31.0,1,0,0
Massachusetts,1.0,7,2020-06-11,2020-06-16,Northeast,17.0,27.3,29.2,1,0,0
Massachusetts,1.0,8,2020-06-18,2020-06-23,Northeast,22.8,27.9,33.7,1,0,0
Massachusetts,1.0,9,2020-06-25,2020-06-30,Northeast,24.2,28.7,34.5,1,0,0
Massachusetts,1.0,10,2020-07-02,2020-07-07,Northeast,21.8,30.1,33.4,1,0,0
Massachusetts,1.0,11,2020-07-09,2020-07-14,Northeast,23.8,34.2,38.2,1,0,0
Massachusetts,1.0,12,2020-07-16,2020-07-21,Northeast,23.7,31.1,35.2,1,0,0
Massachusetts,2.0,13,2020-08-19,2020-08-31,Northeast,22.3,31.5,35.8,1,0,0
Massachusetts,2.0,14,2020-09-02,2020-09-14,Northeast,20.5,28.7,32.7,1,0,0
Massachusetts,2.0,15,2020-09-16,2020-09-28,Northeast,23.2,32.2,38.4,1,0,0
Massachusetts,2.0,16,2020-09-30,2020-10-12,Northeast,22.5,34.2,37.6,1,0,0
Massachusetts,2.0,17,2020-10-14,2020-10-26,Northeast,25.3,33.8,37.8,1,0,0
Massachusetts,3.0,18,2020-10-28,2020-11-09,Northeast,28.2,37.6,42.8,1,0,0
Massachusetts,3.0,19,2020-11-11,2020-11-23,Northeast,27.5,37.5,42.1,1,0,0
Massachusetts,3.0,20,2020-11-25,2020-12-07,Northeast,23.7,34.5,39.4,1,0,0
Massachusetts,3.0,21,2020-12-09,2020-12-21,Northeast,29.6,37.5,42.8,1,0,0
Massachusetts,3.0,22,2021-01-06,2021-01-18,Northeast,24.2,34.9,38.4,1,0,0
Massachusetts,3.0,23,2021-01-20,2021-02-01,Northeast,27.0,36.0,42.2,1,0,0
Massachusetts,3.0,24,2021-02-03,2021-02-15,Northeast,26.5,34.4,39.7,1,0,0
Massachusetts,3.0,25,2021-02-17,2021-03-01,Northeast,29.3,33.4,39.7,1,0,0
Massachusetts,3.0,26,2021-03-03,2021-03-15,Northeast,24.1,29.5,34.2,1,0,0
Massachusetts,3.0,27,2021-03-17,2021-03-29,Northeast,21.1,26.6,30.3,1,0,0
Massachusetts,3.1,28,2021-04-14,2021-04-26,Northeast,20.0,27.9,31.6,1,0,0
Massachusetts,3.1,29,2021-04-28,2021-05-10,Northeast,19.1,24.3,29.0,1,0,0
Massachusetts,3.1,30,2021-05-12,2021-05-24,Northeast,19.3,24.9,28.0,1,0,0
Massachusetts,3.1,31,2021-05-26,2021-06-07,Northeast,18.3,23.9,27.2,1,0,0
Massachusetts,3.1,32,2021-06-09,2021-06-21,Northeast,16.5,22.4,27.1,1,0,0
Massachusetts,3.1,33,2021-06-23,2021-07-05,Northeast,18.8,22.9,26.5,1,0,0
Massachusetts,3.2,34,2021-07-21,2021-08-02,Northeast,19.4,25.3,27.9,1,0,0
Massachusetts,3.2,35,2021-08-04,2021-08-16,Northeast,20.8,24.4,29.9,1,0,0
Massachusetts,3.2,36,2021-08-18,2021-08-30,Northeast,20.9,28.2,32.0,1,0,0
Massachusetts,3.2,37,2021-09-01,2021-09-13,Northeast,19.7,27.4,30.3,1,0,0
Massachusetts,3.2,38,2021-09-15,2021-09-27,Northeast,16.3,25.3,27.9,1,0,0
Massachusetts,3.2,39,2021-09-29,2021-10-11,Northeast,22.0,28.2,31.4,1,0,0
Massachusetts,3.3,40,2021-12-01,2021-12-13,Northeast,20.4,25.4,30.2,1,0,0
Massachusetts,3.3,41,2021-12-29,2022-01-10,Northeast,20.6,26.4,30.4,1,0,0
Massachusetts,3.3,42,2022-01-26,2022-02-07,Northeast,19.0,26.7,30.6,1,0,0
Massachusetts,3.4,43,2022-03-02,2022-03-14,Northeast,19.8,27.7,32.2,1,0,0
Massachusetts,3.4,44,2022-03-30,2022-04-11,Northeast,20.6,27.0,29.4,1,0,0
Massachusetts,3.4,45,2022-04-27,2022-05-09,Northeast,21.1,26.9,30.6,1,0,0
Massachusetts,3.5,46,2022-06-01,2022-06-13,Northeast,19.8,26.6,30.8,1,0,0
Massachusetts,3.5,47,2022-06-29,2022-07-11,Northeast,20.2,23.8,28.0,1,0,0
Massachusetts,3.5,48,2022-07-27,2022-08-08,Northeast,19.8,27.1,29.5,1,0,0
Massachusetts,3.6,49,2022-09-14,2022-09-26,Northeast,22.9,29.6,33.1,1,0,0
Massachusetts,3.6,50,2022-10-05,2022-10-17,Northeast,23.7,35.0,39.3,1,0,0
Massachusetts,3.6,51,2022-11-02,2022-11-14,Northeast,21.3,29.1,33.9,1,0,0
Massachusetts,3.7,52,2022-12-09,2022-12-19,Northeast,21.3,27.9,32.5,1,0,0
Massachusetts,3.7,53,2023-01-04,2023-01-16,Northeast,21.5,27.0,30.7,1,0,0
Massachusetts,3.7,54,2023-02-01,2023-02-13,Northeast,20.7,26.7,30.8,1,0,0
Massachusetts,3.8,55,2023-03-01,2023-03-13,Northeast,22.6,30.3,35.9,1,0,0
Massachusetts,3.8,56,2023-03-29,2023-04-10,Northeast,15.1,23.7,27.3,1,0,0
Massachusetts,3.8,57,2023-04-26,2023-05-08,Northeast,20.1,26.3,31.5,1,0,0
Massachusetts,3.9,58,2023-06-07,2023-06-19,Northeast,18.3,27.7,32.0,1,0,0
Massachusetts,3.9,59,2023-06-28,2023-07-10,Northeast,21.1,27.9,32.4,1,0,0
Massachusetts,3.9,60,2023-07-26,2023-08-07,Northeast,20.3,25.4,30.6,1,0,0
Massachusetts,3.1,61,2023-08-23,2023-09-04,Northeast,19.6,23.5,29.0,1,0,0
Massachusetts,3.1,62,2023-09-20,2023-10-02,Northeast,18.5,25.3,29.0,1,0,0
Michigan,1.0,1,2020-04-23,2020-05-05,Midwest,25.5,32.5,39.4,0,0,0
Michigan,1.0,2,2020-05-07,2020-05-12,Midwest,23.4,27.0,33.4,0,0,0
Michigan,1.0,3,2020-05-14,2020-05-19,Midwest,27.9,28.5,35.0,0,0,0
Michigan,1.0,4,2020-05-21,2020-05-26,Midwest,25.1,27.5,32.8,0,0,0
Michigan,1.0,5,2020-05-28,2020-06-02,Midwest,25.9,29.0,34.5,0,0,0
Michigan,1.0,6,2020-06-04,2020-06-09,Midwest,19.1,24.6,28.1,0,0,0
Michigan,1.0,7,2020-06-11,2020-06-16,Midwest,21.4,30.2,32.4,0,0,0
Michigan,1.0,8,2020-06-18,2020-06-23,Midwest,23.3,27.4,31.9,0,0,0
Michigan,1.0,9,2020-06-25,2020-06-30,Midwest,23.5,29.7,34.8,0,0,0
Michigan,1.0,10,2020-07-02,2020-07-07,Midwest,26.6,31.1,36.7,0,0,0
Michigan,1.0,11,2020-07-09,2020-07-14,Midwest,23.0,31.7,35.6,0,0,0
Michigan,1.0,12,2020-07-16,2020-07-21,Midwest,28.6,36.3,40.7,0,0,0
Michigan,2.0,13,2020-08-19,2020-08-31,Midwest,24.1,30.6,36.7,0,0,0
Michigan,2.0,14,2020-09-02,2020-09-14,Midwest,23.4,32.4,36.2,0,0,0
Michigan,2.0,15,2020-09-16,2020-09-28,Midwest,21.0,28.6,33.2,0,0,0
Michigan,2.0,16,2020-09-30,2020-10-12,Midwest,25.6,32.9,37.0,0,0,0
Michigan,2.0,17,2020-10-14,2020-10-26,Midwest,25.8,31.3,37.0,0,0,0
Michigan,3.0,18,2020-10-28,2020-11-09,Midwest,22.2,31.1,34.8,0,0,0
Michigan,3.0,19,2020-11-11,2020-11-23,Midwest,26.8,35.2,40.7,0,0,0
Michigan,3.0,20,2020-11-25,2020-12-07,Midwest,26.5,34.7,40.1,0,0,0
Michigan,3.0,21,2020-12-09,2020-12-21,Midwest,33.1,40.7,45.6,0,0,0
Michigan,3.0,22,2021-01-06,2021-01-18,Midwest,30.2,38.6,42.9,0,0,0
Michigan,3.0,23,2021-01-20,2021-02-01,Midwest,30.1,32.9,39.9,0,0,0
Michigan,3.0,24,2021-02-03,2021-02-15,Midwest,27.3,34.4,39.1,0,0,0
Michigan,3.0,25,2021-02-17,2021-03-01,Midwest,26.9,32.7,38.3,0,0,0
Michigan,3.0,26,2021-03-03,2021-03-15,Midwest,24.7,31.9,36.6,0,0,0
Michigan,3.0,27,2021-03-17,2021-03-29,Midwest,25.0,31.4,35.4,0,0,0
Michigan,3.1,28,2021-04-14,2021-04-26,Midwest,22.9,28.1,33.5,0,0,0
Michigan,3.1,29,2021-04-28,2021-05-10,Midwest,20.7,26.3,31.0,0,0,0
Michigan,3.1,30,2021-05-12,2021-05-24,Midwest,16.9,25.7,28.8,0,0,0
Michigan,3.1,31,2021-05-26,2021-06-07,Midwest,17.5,19.8,23.1,0,0,0
Michigan,3.1,32,2021-06-09,2021-06-21,Midwest,18.2,24.1,27.2,0,0,0
Michigan,3.1,33,2021-06-23,2021-07-05,Midwest,22.1,23.4,29.0,0,0,0
Michigan,3.2,34,2021-07-21,2021-08-02,Midwest,20.6,23.8,28.8,0,0,0
Michigan,3.2,35,2021-08-04,2021-08-16,Midwest,20.9,26.6,30.9,0,0,0
Michigan,3.2,36,2021-08-18,2021-08-30,Midwest,21.1,27.2,30.3,0,0,0
Michigan,3.2,37,2021-09-01,2021-09-13,Midwest,20.7,25.0,29.3,0,0,0
Michigan,3.2,38,2021-09-15,2021-09-27,Midwest,18.4,22.3,26.4,0,0,0
Michigan,3.2,39,2021-09-29,2021-10-11,Midwest,20.2,27.3,29.8,0,0,0
Michigan,3.3,40,2021-12-01,2021-12-13,Midwest,22.4,27.5,31.4,0,0,0
Michigan,3.3,41,2021-12-29,2022-01-10,Midwest,24.1,26.6,31.2,0,0,0
Michigan,3.3,42,2022-01-26,2022-02-07,Midwest,21.7,26.9,32.0,0,0,0
Michigan,3.4,43,2022-03-02,2022-03-14,Midwest,19.2,23.7,28.0,0,0,0
Michigan,3.4,44,2022-03-30,2022-04-11,Midwest,19.1,22.3,25.7,0,0,0
Michigan,3.4,45,2022-04-27,2022-05-09,Midwest,22.3,27.6,31.9,0,0,0
Michigan,3.5,46,2022-06-01,2022-06-13,Midwest,18.4,23.4,28.0,0,0,0
Michigan,3.5,47,2022-06-29,2022-07-11,Midwest,25.3,29.8,33.1,0,0,0
Michigan,3.5,48,2022-07-27,2022-08-08,Midwest,21.5,26.8,30.5,0,0,0
Michigan,3.6,49,2022-09-14,2022-09-26,Midwest,24.6,33.0,37.9,0,0,0
Michigan,3.6,50,2022-10-05,2022-10-17,Midwest,22.7,29.8,33.3,0,0,0
Michigan,3.6,51,2022-11-02,2022-11-14,Midwest,21.5,27.7,31.2,0,0,0
Michigan,3.7,52,2022-12-09,2022-12-19,Midwest,25.4,28.7,33.1,0,0,0
Michigan,3.7,53,2023-01-04,2023-01-16,Midwest,23.2,28.2,32.1,0,0,0
Michigan,3.7,54,2023-02-01,2023-02-13,Midwest,20.7,26.4,29.9,0,0,0
Michigan,3.8,55,2023-03-01,2023-03-13,Midwest,18.9,25.9,29.4,0,0,0
Michigan,3.8,56,2023-03-29,2023-04-10,Midwest,21.3,27.5,31.2,0,0,0
Michigan,3.8,57,2023-04-26,2023-05-08,Midwest,21.7,27.6,33.6,0,0,0
Michigan,3.9,58,2023-06-07,2023-06-19,Midwest,20.1,27.5,31.6,0,0,0
Michigan,3.9,59,2023-06-28,2023-07-10,Midwest,21.4,28.1,32.3,0,0,0
Michigan,3.9,60,2023-07-26,2023-08-07,Midwest,21.9,26.9,32.0,0,0,0
Michigan,3.1,61,2023-08-23,2023-09-04,Midwest,19.1,22.4,26.9,0,0,0
Michigan,3.1,62,2023-09-20,2023-10-02,Midwest,22.7,30.1,34.5,0,0,0
Minnesota,1.0,1,2020-04-23,2020-05-05,Midwest,20.4,28.5,32.4,0,0,0
Minnesota,1.0,2,2020-05-07,2020-05-12,Midwest,18.4,22.9,27.2,0,0,0
Minnesota,1.0,3,2020-05-14,2020-05-19,Midwest,20.0,27.1,29.7,0,0,0
Minnesota,1.0,4,2020-05-21,2020-05-26,Midwest,17.7,22.8,26.1,0,0,0
Minnesota,1.0,5,2020-05-28,2020-06-02,Midwest,19.1,27.5,30.0,0,0,0
Minnesota,1.0,6,2020-06-04,2020-06-09,Midwest,19.7,27.5,31.0,0,0,0
Minnesota,1.0,7,2020-06-11,2020-06-16,Midwest,19.9,28.0,30.5,0,0,0
Minnesota,1.0,8,2020-06-18,2020-06-23,Midwest,21.5,25.0,30.6,0,0,0
Minnesota,1.0,9,2020-06-25,2020-06-30,Midwest,22.3,25.1,29.9,0,0,0
Minnesota,1.0,10,2020-07-02,2020-07-07,Midwest,20.9,27.6,31.1,0,0,0
Minnesota,1.0,11,2020-07-09,2020-07-14,Midwest,22.0,27.5,31.5,0,0,0
Minnesota,1.0,12,2020-07-16,2020-07-21,Midwest,24.2,32.2,35.7,0,0,0
Minnesota,2.0,13,2020-08-19,2020-08-31,Midwest,18.3,28.6,31.8,0,0,0
Minnesota,2.0,14,2020-09-02,2020-09-14,Midwest,18.6,26.0,30.6,0,0,0
Minnesota,2.0,15,2020-09-16,2020-09-28,Midwest,17.4,26.9,30.5,0,0,0
Minnesota,2.0,16,2020-09-30,2020-10-12,Midwest,19.9,26.2,30.7,0,0,0
Minnesota,2.0,17,2020-10-14,2020-10-26,Midwest,19.3,25.9,30.6,0,0,0
Minnesota,3.0,18,2020-10-28,2020-11-09,Midwest,23.8,33.6,37.1,0,0,0
Minnesota,3.0,19,2020-11-11,2020-11-23,Midwest,24.5,37.5,41.4,0,0,0
Minnesota,3.0,20,2020-11-25,2020-12-07,Midwest,25.0,34.5,39.6,0,0,0
Minnesota,3.0,21,2020-12-09,2020-12-21,Midwest,25.2,31.7,36.6,0,0,0
Minnesota,3.0,22,2021-01-06,2021-01-18,Midwest,21.5,30.8,33.6,0,0,0
Minnesota,3.0,23,2021-01-20,2021-02-01,Midwest,24.7,32.1,37.2,0,0,0
Minnesota,3.0,24,2021-02-03,2021-02-15,Midwest,21.9,26.9,32.3,0,0,0
Minnesota,3.0,25,2021-02-17,2021-03-01,Midwest,18.3,25.0,27.8,0,0,0
Minnesota,3.0,26,2021-03-03,2021-03-15,Midwest,23.1,26.8,32.1,0,0,0
Minnesota,3.0,27,2021-03-17,2021-03-29,Midwest,18.2,25.8,30.4,0,0,0
Minnesota,3.1,28,2021-04-14,2021-04-26,Midwest,17.5,20.1,24.7,0,0,0
Minnesota,3.1,29,2021-04-28,2021-05-10,Midwest,14.9,20.8,24.1,0,0,0
Minnesota,3.1,30,2021-05-12,2021-05-24,Midwest,17.0,20.2,24.7,0,0,0
Minnesota,3.1,31,2021-05-26,2021-06-07,Midwest,19.5,22.3,26.6,0,0,0
Minnesota,3.1,32,2021-06-09,2021-06-21,Midwest,15.8,22.5,25.9,0,0,0
Minnesota,3.1,33,2021-06-23,2021-07-05,Midwest,15.6,17.6,21.6,0,0,0
Minnesota,3.2,34,2021-07-21,2021-08-02,Midwest,17.5,24.3,27.0,0,0,0
Minnesota,3.2,35,2021-08-04,2021-08-16,Midwest,17.7,21.9,26.4,0,0,0
Minnesota,3.2,36,2021-08-18,2021-08-30,Midwest,20.4,24.8,30.4,0,0,0
Minnesota,3.2,37,2021-09-01,2021-09-13,Midwest,16.6,21.9,25.5,0,0,0
Minnesota,3.2,38,2021-09-15,2021-09-27,Midwest,16.5,23.7,26.5,0,0,0
Minnesota,3.2,39,2021-09-29,2021-10-11,Midwest,14.5,22.6,24.6,0,0,0
Minnesota,3.3,40,2021-12-01,2021-12-13,Midwest,17.9,23.2,27.9,0,0,0
Minnesota,3.3,41,2021-12-29,2022-01-10,Midwest,18.6,22.0,26.3,0,0,0
Minnesota,3.3,42,2022-01-26,2022-02-07,Midwest,17.3,21.3,24.7,0,0,0
Minnesota,3.4,43,2022-03-02,2022-03-14,Midwest,19.2,24.7,28.7,0,0,0
Minnesota,3.4,44,2022-03-30,2022-04-11,Midwest,16.6,23.9,26.0,0,0,0
Minnesota,3.4,45,2022-04-27,2022-05-09,Midwest,19.0,23.2,27.3,0,0,0
Minnesota,3.5,46,2022-06-01,2022-06-13,Midwest,18.1,24.8,28.1,0,0,0
Minnesota,3.5,47,2022-06-29,2022-07-11,Midwest,18.5,24.1,27.7,0,0,0
Minnesota,3.5,48,2022-07-27,2022-08-08,Midwest,17.8,22.9,27.7,0,0,0
Minnesota,3.6,49,2022-09-14,2022-09-26,Midwest,18.0,24.6,27.8,0,0,0
Minnesota,3.6,50,2022-10-05,2022-10-17,Midwest,22.7,27.5,34.6,0,0,0
Minnesota,3.6,51,2022-11-02,2022-11-14,Midwest,15.8,23.0,25.6,0,0,0
Minnesota,3.7,52,2022-12-09,2022-12-19,Midwest,18.5,23.9,26.7,0,0,0
Minnesota,3.7,53,2023-01-04,2023-01-16,Midwest,17.6,23.3,26.8,0,0,0
Minnesota,3.7,54,2023-02-01,2023-02-13,Midwest,19.4,25.4,28.3,0,0,0
Minnesota,3.8,55,2023-03-01,2023-03-13,Midwest,17.7,21.8,26.9,0,0,0
Minnesota,3.8,56,2023-03-29,2023-04-10,Midwest,17.0,23.5,27.2,0,0,0
Minnesota,3.8,57,2023-04-26,2023-05-08,Midwest,20.4,23.5,27.8,0,0,0
Minnesota,3.9,58,2023-06-07,2023-06-19,Midwest,15.8,22.2,26.0,0,0,0
Minnesota,3.9,59,2023-06-28,2023-07-10,Midwest,16.5,22.3,25.4,0,0,0
Minnesota,3.9,60,2023-07-26,2023-08-07,Midwest,18.1,23.1,28.0,0,0,0
Minnesota,3.1,61,2023-08-23,2023-09-04,Midwest,15.2,20.4,24.0,0,0,0
Minnesota,3.1,62,2023-09-20,2023-10-02,Midwest,20.2,23.7,29.4,0,0,0
Mississippi,1.0,1,2020-04-23,2020-05-05,South,22.9,30.3,34.5,0,1,0
Mississippi,1.0,2,2020-05-07,2020-05-12,South,35.5,38.3,48.4,0,1,0
Mississippi,1.0,3,2020-05-14,2020-05-19,South,36.4,36.1,44.3,0,1,0
Mississippi,1.0,4,2020-05-21,2020-05-26,South,27.7,31.9,37.8,0,1,0
Mississippi,1.0,5,2020-05-28,2020-06-02,South,28.6,33.8,38.7,0,1,0
Mississippi,1.0,6,2020-06-04,2020-06-09,South,29.6,31.9,38.4,0,1,0
Mississippi,1.0,7,2020-06-11,2020-06-16,South,24.8,31.6,37.5,0,1,0
Mississippi,1.0,8,2020-06-18,2020-06-23,South,29.3,31.8,37.6,0,1,0
Mississippi,1.0,9,2020-06-25,2020-06-30,South,34.4,36.5,42.1,0,1,0
Mississippi,1.0,10,2020-07-02,2020-07-07,South,32.0,40.2,43.7,0,1,0
Mississippi,1.0,11,2020-07-09,2020-07-14,South,36.1,38.0,46.5,0,1,0
Mississippi,1.0,12,2020-07-16,2020-07-21,South,36.5,38.6,48.0,0,1,0
Mississippi,2.0,13,2020-08-19,2020-08-31,South,23.6,27.7,33.2,0,1,0
Mississippi,2.0,14,2020-09-02,2020-09-14,South,28.4,31.3,38.6,0,1,0
Mississippi,2.0,15,2020-09-16,2020-09-28,South,28.5,35.0,38.0,0,1,0
Mississippi,2.0,16,2020-09-30,2020-10-12,South,25.1,30.6,35.1,0,1,0
Mississippi,2.0,17,2020-10-14,2020-10-26,South,33.4,35.9,41.5,0,1,0
Mississippi,3.0,18,2020-10-28,2020-11-09,South,28.8,37.8,42.7,0,1,0
Mississippi,3.0,19,2020-11-11,2020-11-23,South,30.1,37.7,44.3,0,1,0
Mississippi,3.0,20,2020-11-25,2020-12-07,South,36.9,37.1,46.8,0,1,0
Mississippi,3.0,21,2020-12-09,2020-12-21,South,36.5,35.3,45.9,0,1,0
Mississippi,3.0,22,2021-01-06,2021-01-18,South,37.5,49.2,52.3,0,1,0
Mississippi,3.0,23,2021-01-20,2021-02-01,South,27.0,35.8,42.7,0,1,0
Mississippi,3.0,24,2021-02-03,2021-02-15,South,32.7,38.6,43.3,0,1,0
Mississippi,3.0,25,2021-02-17,2021-03-01,South,32.9,40.5,45.8,0,1,0
Mississippi,3.0,26,2021-03-03,2021-03-15,South,32.1,29.5,37.0,0,1,0
Mississippi,3.0,27,2021-03-17,2021-03-29,South,33.2,37.0,42.6,0,1,0
Mississippi,3.1,28,2021-04-14,2021-04-26,South,22.3,24.4,30.9,0,1,0
Mississippi,3.1,29,2021-04-28,2021-05-10,South,16.1,19.1,25.7,0,1,0
Mississippi,3.1,30,2021-05-12,2021-05-24,South,23.0,27.9,32.3,0,1,0
Mississippi,3.1,31,2021-05-26,2021-06-07,South,23.8,27.6,32.3,0,1,0
Mississippi,3.1,32,2021-06-09,2021-06-21,South,31.5,31.7,39.2,0,1,0
Mississippi,3.1,33,2021-06-23,2021-07-05,South,24.4,28.5,33.0,0,1,0
Mississippi,3.2,34,2021-07-21,2021-08-02,South,28.6,28.1,34.8,0,1,0
Mississippi,3.2,35,2021-08-04,2021-08-16,South,20.9,29.6,32.5,0,1,0
Mississippi,3.2,36,2021-08-18,2021-08-30,South,24.1,27.1,33.3,0,1,0
Mississippi,3.2,37,2021-09-01,2021-09-13,South,20.4,24.6,29.2,0,1,0
Mississippi,3.2,38,2021-09-15,2021-09-27,South,28.2,33.2,39.2,0,1,0
Mississippi,3.2,39,2021-09-29,2021-10-11,South,22.7,30.6,35.9,0,1,0
Mississippi,3.3,40,2021-12-01,2021-12-13,South,23.2,26.3,31.7,0,1,0
Mississippi,3.3,41,2021-12-29,2022-01-10,South,26.4,31.0,36.3,0,1,0
Mississippi,3.3,42,2022-01-26,2022-02-07,South,26.2,33.7,37.2,0,1,0
Mississippi,3.4,43,2022-03-02,2022-03-14,South,27.6,31.4,37.8,0,1,0
Mississippi,3.4,44,2022-03-30,2022-04-11,South,25.5,28.1,32.8,0,1,0
Mississippi,3.4,45,2022-04-27,2022-05-09,South,28.1,31.6,38.0,0,1,0
Mississippi,3.5,46,2022-06-01,2022-06-13,South,32.7,37.8,46.1,0,1,0
Mississippi,3.5,47,2022-06-29,2022-07-11,South,33.1,35.8,43.5,0,1,0
Mississippi,3.5,48,2022-07-27,2022-08-08,South,23.8,31.2,35.2,0,1,0
Mississippi,3.6,49,2022-09-14,2022-09-26,South,31.4,41.4,46.8,0,1,0
Mississippi,3.6,50,2022-10-05,2022-10-17,South,27.3,31.7,37.4,0,1,0
Mississippi,3.6,51,2022-11-02,2022-11-14,South,28.9,32.3,39.5,0,1,0
Mississippi,3.7,52,2022-12-09,2022-12-19,South,28.8,31.6,38.1,0,1,0
Mississippi,3.7,53,2023-01-04,2023-01-16,South,24.6,28.6,32.6,0,1,0
Mississippi,3.7,54,2023-02-01,2023-02-13,South,29.1,32.3,39.2,0,1,0
Mississippi,3.8,55,2023-03-01,2023-03-13,South,29.7,35.8,39.7,0,1,0
Mississippi,3.8,56,2023-03-29,2023-04-10,South,28.2,32.1,40.6,0,1,0
Mississippi,3.8,57,2023-04-26,2023-05-08,South,29.8,39.4,42.9,0,1,0
Mississippi,3.9,58,2023-06-07,2023-06-19,South,26.5,29.8,35.7,0,1,0
Mississippi,3.9,59,2023-06-28,2023-07-10,South,29.8,30.2,37.7,0,1,0
Mississippi,3.9,60,2023-07-26,2023-08-07,South,25.2,33.6,38.0,0,1,0
Mississippi,3.1,61,2023-08-23,2023-09-04,South,26.6,31.3,37.0,0,1,0
Mississippi,3.1,62,2023-09-20,2023-10-02,South,21.9,31.4,35.5,0,1,0
Missouri,1.0,1,2020-04-23,2020-05-05,Midwest,21.0,30.4,35.2,0,0,0
Missouri,1.0,2,2020-05-07,2020-05-12,Midwest,24.1,37.8,41.3,0,0,0
Missouri,1.0,3,2020-05-14,2020-05-19,Midwest,24.3,30.4,35.4,0,0,0
Missouri,1.0,4,2020-05-21,2020-05-26,Midwest,24.3,29.0,32.9,0,0,0
Missouri,1.0,5,2020-05-28,2020-06-02,Midwest,24.5,30.1,33.7,0,0,0
Missouri,1.0,6,2020-06-04,2020-06-09,Midwest,23.1,23.2,29.5,0,0,0
Missouri,1.0,7,2020-06-11,2020-06-16,Midwest,26.1,33.3,36.5,0,0,0
Missouri,1.0,8,2020-06-18,2020-06-23,Midwest,25.0,28.3,32.9,0,0,0
Missouri,1.0,9,2020-06-25,2020-06-30,Midwest,25.6,32.2,35.8,0,0,0
Missouri,1.0,10,2020-07-02,2020-07-07,Midwest,28.8,35.3,40.6,0,0,0
Missouri,1.0,11,2020-07-09,2020-07-14,Midwest,25.8,35.3,38.7,0,0,0
Missouri,1.0,12,2020-07-16,2020-07-21,Midwest,24.8,34.9,37.9,0,0,0
Missouri,2.0,13,2020-08-19,2020-08-31,Midwest,23.7,27.8,33.5,0,0,0
Missouri,2.0,14,2020-09-02,2020-09-14,Midwest,21.8,29.0,33.1,0,0,0
Missouri,2.0,15,2020-09-16,2020-09-28,Midwest,22.7,29.9,33.8,0,0,0
Missouri,2.0,16,2020-09-30,2020-10-12,Midwest,25.5,30.7,36.4,0,0,0
Missouri,2.0,17,2020-10-14,2020-10-26,Midwest,29.4,35.2,40.8,0,0,0
Missouri,3.0,18,2020-10-28,2020-11-09,Midwest,27.5,35.5,40.3,0,0,0
Missouri,3.0,19,2020-11-11,2020-11-23,Midwest,26.6,33.3,39.7,0,0,0
Missouri,3.0,20,2020-11-25,2020-12-07,Midwest,27.4,35.2,38.9,0,0,0
Missouri,3.0,21,2020-12-09,2020-12-21,Midwest,29.0,35.7,40.3,0,0,0
Missouri,3.0,22,2021-01-06,2021-01-18,Midwest,31.9,36.4,43.7,0,0,0
Missouri,3.0,23,2021-01-20,2021-02-01,Midwest,26.9,33.6,39.0,0,0,0
Missouri,3.0,24,2021-02-03,2021-02-15,Midwest,29.3,33.0,39.9,0,0,0
Missouri,3.0,25,2021-02-17,2021-03-01,Midwest,27.2,34.4,37.8,0,0,0
Missouri,3.0,26,2021-03-03,2021-03-15,Midwest,26.2,33.3,37.6,0,0,0
Missouri,3.0,27,2021-03-17,2021-03-29,Midwest,24.5,28.6,34.7,0,0,0
Missouri,3.1,28,2021-04-14,2021-04-26,Midwest,21.1,28.9,32.7,0,0,0
Missouri,3.1,29,2021-04-28,2021-05-10,Midwest,20.8,26.5,30.9,0,0,0
Missouri,3.1,30,2021-05-12,2021-05-24,Midwest,16.3,23.4,26.7,0,0,0
Missouri,3.1,31,2021-05-26,2021-06-07,Midwest,24.3,29.3,33.6,0,0,0
Missouri,3.1,32,2021-06-09,2021-06-21,Midwest,20.9,28.9,31.9,0,0,0
Missouri,3.1,33,2021-06-23,2021-07-05,Midwest,21.1,25.1,30.0,0,0,0
Missouri,3.2,34,2021-07-21,2021-08-02,Midwest,22.3,26.7,31.1,0,0,0
Missouri,3.2,35,2021-08-04,2021-08-16,Midwest,25.0,27.9,32.0,0,0,0
Missouri,3.2,36,2021-08-18,2021-08-30,Midwest,22.5,27.1,30.6,0,0,0
Missouri,3.2,37,2021-09-01,2021-09-13,Midwest,24.2,27.3,33.7,0,0,0
Missouri,3.2,38,2021-09-15,2021-09-27,Midwest,30.3,33.0,39.4,0,0,0
Missouri,3.2,39,2021-09-29,2021-10-11,Midwest,23.9,29.6,33.6,0,0,0
Missouri,3.3,40,2021-12-01,2021-12-13,Midwest,22.1,29.0,32.8,0,0,0
Missouri,3.3,41,2021-12-29,2022-01-10,Midwest,25.3,25.1,32.7,0,0,0
Missouri,3.3,42,2022-01-26,2022-02-07,Midwest,23.2,26.2,31.4,0,0,0
Missouri,3.4,43,2022-03-02,2022-03-14,Midwest,22.3,29.6,33.5,0,0,0
Missouri,3.4,44,2022-03-30,2022-04-11,Midwest,21.7,30.0,32.2,0,0,0
Missouri,3.4,45,2022-04-27,2022-05-09,Midwest,22.9,28.3,31.7,0,0,0
Missouri,3.5,46,2022-06-01,2022-06-13,Midwest,20.4,26.9,31.1,0,0,0
Missouri,3.5,47,2022-06-29,2022-07-11,Midwest,21.2,27.4,30.5,0,0,0
Missouri,3.5,48,2022-07-27,2022-08-08,Midwest,21.6,27.8,31.5,0,0,0
Missouri,3.6,49,2022-09-14,2022-09-26,Midwest,26.3,30.1,36.9,0,0,0
Missouri,3.6,50,2022-10-05,2022-10-17,Midwest,26.9,36.3,39.4,0,0,0
Missouri,3.6,51,2022-11-02,2022-11-14,Midwest,24.6,30.8,35.7,0,0,0
Missouri,3.7,52,2022-12-09,2022-12-19,Midwest,23.8,31.3,35.0,0,0,0
Missouri,3.7,53,2023-01-04,2023-01-16,Midwest,20.4,26.9,30.2,0,0,0
Missouri,3.7,54,2023-02-01,2023-02-13,Midwest,22.1,31.1,34.3,0,0,0
Missouri,3.8,55,2023-03-01,2023-03-13,Midwest,22.2,28.6,32.9,0,0,0
Missouri,3.8,56,2023-03-29,2023-04-10,Midwest,21.9,31.2,33.7,0,0,0
Missouri,3.8,57,2023-04-26,2023-05-08,Midwest,25.4,30.4,35.1,0,0,0
Missouri,3.9,58,2023-06-07,2023-06-19,Midwest,21.3,27.1,32.6,0,0,0
Missouri,3.9,59,2023-06-28,2023-07-10,Midwest,24.7,31.8,37.3,0,0,0
Missouri,3.9,60,2023-07-26,2023-08-07,Midwest,21.3,28.3,31.7,0,0,0
Missouri,3.1,61,2023-08-23,2023-09-04,Midwest,17.5,24.4,27.9,0,0,0
Missouri,3.1,62,2023-09-20,2023-10-02,Midwest,24.1,30.2,34.5,0,0,0
Montana,1.0,1,2020-04-23,2020-05-05,West,18.2,22.8,27.3,0,0,1
Montana,1.0,2,2020-05-07,2020-05-12,West,20.8,24.9,27.6,0,0,1
Montana,1.0,3,2020-05-14,2020-05-19,West,21.1,25.7,29.7,0,0,1
Montana,1.0,4,2020-05-21,2020-05-26,West,22.2,24.3,30.7,0,0,1
Montana,1.0,5,2020-05-28,2020-06-02,West,20.5,22.6,28.6,0,0,1
Montana,1.0,6,2020-06-04,2020-06-09,West,17.5,26.4,30.4,0,0,1
Montana,1.0,7,2020-06-11,2020-06-16,West,21.8,30.6,34.2,0,0,1
Montana,1.0,8,2020-06-18,2020-06-23,West,21.6,27.8,30.9,0,0,1
Montana,1.0,9,2020-06-25,2020-06-30,West,22.2,25.7,30.6,0,0,1
Montana,1.0,10,2020-07-02,2020-07-07,West,23.8,31.7,34.3,0,0,1
Montana,1.0,11,2020-07-09,2020-07-14,West,28.5,35.6,40.2,0,0,1
Montana,1.0,12,2020-07-16,2020-07-21,West,28.4,27.5,36.0,0,0,1
Montana,2.0,13,2020-08-19,2020-08-31,West,18.6,27.9,30.7,0,0,1
Montana,2.0,14,2020-09-02,2020-09-14,West,22.2,29.6,33.1,0,0,1
Montana,2.0,15,2020-09-16,2020-09-28,West,24.4,33.1,38.2,0,0,1
Montana,2.0,16,2020-09-30,2020-10-12,West,19.9,27.8,32.8,0,0,1
Montana,2.0,17,2020-10-14,2020-10-26,West,20.1,29.4,34.8,0,0,1
Montana,3.0,18,2020-10-28,2020-11-09,West,22.9,36.6,39.4,0,0,1
Montana,3.0,19,2020-11-11,2020-11-23,West,30.1,39.9,45.3,0,0,1
Montana,3.0,20,2020-11-25,2020-12-07,West,26.3,35.9,39.4,0,0,1
Montana,3.0,21,2020-12-09,2020-12-21,West,29.5,36.6,40.7,0,0,1
Montana,3.0,22,2021-01-06,2021-01-18,West,23.7,32.3,35.7,0,0,1
Montana,3.0,23,2021-01-20,2021-02-01,West,24.9,30.5,35.1,0,0,1
Montana,3.0,24,2021-02-03,2021-02-15,West,23.4,25.0,32.1,0,0,1
Montana,3.0,25,2021-02-17,2021-03-01,West,23.5,25.2,31.1,0,0,1
Montana,3.0,26,2021-03-03,2021-03-15,West,21.5,26.7,30.8,0,0,1
Montana,3.0,27,2021-03-17,2021-03-29,West,22.6,28.0,32.7,0,0,1
Montana,3.1,28,2021-04-14,2021-04-26,West,26.4,30.4,36.1,0,0,1
Montana,3.1,29,2021-04-28,2021-05-10,West,17.8,21.7,24.1,0,0,1
Montana,3.1,30,2021-05-12,2021-05-24,West,17.1,23.7,27.1,0,0,1
Montana,3.1,31,2021-05-26,2021-06-07,West,13.6,17.7,22.1,0,0,1
Montana,3.1,32,2021-06-09,2021-06-21,West,16.2,24.0,26.7,0,0,1
Montana,3.1,33,2021-06-23,2021-07-05,West,16.1,23.2,26.9,0,0,1
Montana,3.2,34,2021-07-21,2021-08-02,West,16.8,20.1,24.2,0,0,1
Montana,3.2,35,2021-08-04,2021-08-16,West,23.0,25.9,32.1,0,0,1
Montana,3.2,36,2021-08-18,2021-08-30,West,17.6,23.9,26.3,0,0,1
Montana,3.2,37,2021-09-01,2021-09-13,West,16.6,23.3,25.5,0,0,1
Montana,3.2,38,2021-09-15,2021-09-27,West,25.1,30.7,34.0,0,0,1
Montana,3.2,39,2021-09-29,2021-10-11,West,20.7,23.3,28.2,0,0,1
Montana,3.3,40,2021-12-01,2021-12-13,West,17.8,28.4,30.1,0,0,1
Montana,3.3,41,2021-12-29,2022-01-10,West,21.8,29.9,34.6,0,0,1
Montana,3.3,42,2022-01-26,2022-02-07,West,23.0,29.2,33.3,0,0,1
Montana,3.4,43,2022-03-02,2022-03-14,West,15.8,23.4,25.9,0,0,1
Montana,3.4,44,2022-03-30,2022-04-11,West,22.6,26.6,29.8,0,0,1
Montana,3.4,45,2022-04-27,2022-05-09,West,19.6,27.9,32.3,0,0,1
Montana,3.5,46,2022-06-01,2022-06-13,West,18.3,24.4,27.1,0,0,1
Montana,3.5,47,2022-06-29,2022-07-11,West,26.7,28.5,37.0,0,0,1
Montana,3.5,48,2022-07-27,2022-08-08,West,26.3,31.6,36.1,0,0,1
Montana,3.6,49,2022-09-14,2022-09-26,West,19.2,29.9,33.9,0,0,1
Montana,3.6,50,2022-10-05,2022-10-17,West,23.0,33.2,34.9,0,0,1
Montana,3.6,51,2022-11-02,2022-11-14,West,21.8,29.8,32.9,0,0,1
Montana,3.7,52,2022-12-09,2022-12-19,West,24.5,33.2,36.0,0,0,1
Montana,3.7,53,2023-01-04,2023-01-16,West,20.5,29.3,32.2,0,0,1
Montana,3.7,54,2023-02-01,2023-02-13,West,23.5,29.2,34.0,0,0,1
Montana,3.8,55,2023-03-01,2023-03-13,West,21.6,24.0,31.1,0,0,1
Montana,3.8,56,2023-03-29,2023-04-10,West,25.8,31.7,35.8,0,0,1
Montana,3.8,57,2023-04-26,2023-05-08,West,20.2,24.1,30.2,0,0,1
Montana,3.9,58,2023-06-07,2023-06-19,West,21.0,24.7,29.1,0,0,1
Montana,3.9,59,2023-06-28,2023-07-10,West,21.6,32.1,35.9,0,0,1
Montana,3.9,60,2023-07-26,2023-08-07,West,21.2,27.8,32.0,0,0,1
Montana,3.1,61,2023-08-23,2023-09-04,West,17.4,23.4,27.0,0,0,1
Montana,3.1,62,2023-09-20,2023-10-02,West,21.8,29.3,33.5,0,0,1
Nebraska,1.0,1,2020-04-23,2020-05-05,Midwest,19.1,24.2,28.6,0,0,0
Nebraska,1.0,2,2020-05-07,2020-05-12,Midwest,21.6,29.6,33.4,0,0,0
Nebraska,1.0,3,2020-05-14,2020-05-19,Midwest,20.4,23.3,26.2,0,0,0
Nebraska,1.0,4,2020-05-21,2020-05-26,Midwest,17.2,22.6,28.1,0,0,0
Nebraska,1.0,5,2020-05-28,2020-06-02,Midwest,18.2,22.2,26.6,0,0,0
Nebraska,1.0,6,2020-06-04,2020-06-09,Midwest,21.7,23.5,31.0,0,0,0
Nebraska,1.0,7,2020-06-11,2020-06-16,Midwest,20.3,24.1,29.7,0,0,0
Nebraska,1.0,8,2020-06-18,2020-06-23,Midwest,22.1,25.0,31.2,0,0,0
Nebraska,1.0,9,2020-06-25,2020-06-30,Midwest,22.0,27.8,30.5,0,0,0
Nebraska,1.0,10,2020-07-02,2020-07-07,Midwest,23.6,25.7,30.9,0,0,0
Nebraska,1.0,11,2020-07-09,2020-07-14,Midwest,26.4,31.3,34.1,0,0,0
Nebraska,1.0,12,2020-07-16,2020-07-21,Midwest,25.2,30.0,37.3,0,0,0
Nebraska,2.0,13,2020-08-19,2020-08-31,Midwest,20.9,28.0,32.0,0,0,0
Nebraska,2.0,14,2020-09-02,2020-09-14,Midwest,21.7,25.7,30.4,0,0,0
Nebraska,2.0,15,2020-09-16,2020-09-28,Midwest,19.2,27.6,30.8,0,0,0
Nebraska,2.0,16,2020-09-30,2020-10-12,Midwest,20.9,28.7,32.5,0,0,0
Nebraska,2.0,17,2020-10-14,2020-10-26,Midwest,21.8,28.6,33.3,0,0,0
Nebraska,3.0,18,2020-10-28,2020-11-09,Midwest,23.8,33.0,38.1,0,0,0
Nebraska,3.0,19,2020-11-11,2020-11-23,Midwest,26.5,34.9,39.6,0,0,0
Nebraska,3.0,20,2020-11-25,2020-12-07,Midwest,26.0,35.0,39.6,0,0,0
Nebraska,3.0,21,2020-12-09,2020-12-21,Midwest,26.5,27.9,36.4,0,0,0
Nebraska,3.0,22,2021-01-06,2021-01-18,Midwest,26.1,31.7,38.5,0,0,0
Nebraska,3.0,23,2021-01-20,2021-02-01,Midwest,21.3,28.7,33.8,0,0,0
Nebraska,3.0,24,2021-02-03,2021-02-15,Midwest,26.0,30.7,35.9,0,0,0
Nebraska,3.0,25,2021-02-17,2021-03-01,Midwest,18.8,21.4,25.5,0,0,0
Nebraska,3.0,26,2021-03-03,2021-03-15,Midwest,22.9,27.2,31.4,0,0,0
Nebraska,3.0,27,2021-03-17,2021-03-29,Midwest,21.7,26.5,32.2,0,0,0
Nebraska,3.1,28,2021-04-14,2021-04-26,Midwest,20.2,25.6,31.2,0,0,0
Nebraska,3.1,29,2021-04-28,2021-05-10,Midwest,20.3,28.5,31.6,0,0,0
Nebraska,3.1,30,2021-05-12,2021-05-24,Midwest,19.1,21.5,25.3,0,0,0
Nebraska,3.1,31,2021-05-26,2021-06-07,Midwest,15.3,17.8,22.6,0,0,0
Nebraska,3.1,32,2021-06-09,2021-06-21,Midwest,18.6,21.8,25.4,0,0,0
Nebraska,3.1,33,2021-06-23,2021-07-05,Midwest,17.7,22.7,25.5,0,0,0
Nebraska,3.2,34,2021-07-21,2021-08-02,Midwest,17.0,21.6,25.1,0,0,0
Nebraska,3.2,35,2021-08-04,2021-08-16,Midwest,21.2,24.2,28.4,0,0,0
Nebraska,3.2,36,2021-08-18,2021-08-30,Midwest,19.2,24.8,27.9,0,0,0
Nebraska,3.2,37,2021-09-01,2021-09-13,Midwest,18.1,24.5,28.1,0,0,0
Nebraska,3.2,38,2021-09-15,2021-09-27,Midwest,15.6,23.0,26.3,0,0,0
Nebraska,3.2,39,2021-09-29,2021-10-11,Midwest,23.4,28.6,33.5,0,0,0
Nebraska,3.3,40,2021-12-01,2021-12-13,Midwest,17.7,27.2,30.5,0,0,0
Nebraska,3.3,41,2021-12-29,2022-01-10,Midwest,23.7,31.6,35.4,0,0,0
Nebraska,3.3,42,2022-01-26,2022-02-07,Midwest,21.1,23.7,28.3,0,0,0
Nebraska,3.4,43,2022-03-02,2022-03-14,Midwest,20.9,25.4,28.9,0,0,0
Nebraska,3.4,44,2022-03-30,2022-04-11,Midwest,18.4,24.3,28.6,0,0,0
Nebraska,3.4,45,2022-04-27,2022-05-09,Midwest,19.0,25.8,28.9,0,0,0
Nebraska,3.5,46,2022-06-01,2022-06-13,Midwest,22.2,22.4,31.3,0,0,0
Nebraska,3.5,47,2022-06-29,2022-07-11,Midwest,19.3,27.1,30.3,0,0,0
Nebraska,3.5,48,2022-07-27,2022-08-08,Midwest,23.2,26.5,31.0,0,0,0
Nebraska,3.6,49,2022-09-14,2022-09-26,Midwest,22.6,26.0,31.7,0,0,0
Nebraska,3.6,50,2022-10-05,2022-10-17,Midwest,24.1,32.5,35.7,0,0,0
Nebraska,3.6,51,2022-11-02,2022-11-14,Midwest,22.7,29.1,33.7,0,0,0
Nebraska,3.7,52,2022-12-09,2022-12-19,Midwest,22.4,28.1,32.9,0,0,0
Nebraska,3.7,53,2023-01-04,2023-01-16,Midwest,19.8,22.3,26.9,0,0,0
Nebraska,3.7,54,2023-02-01,2023-02-13,Midwest,23.3,27.4,32.0,0,0,0
Nebraska,3.8,55,2023-03-01,2023-03-13,Midwest,20.3,27.6,31.4,0,0,0
Nebraska,3.8,56,2023-03-29,2023-04-10,Midwest,20.0,26.1,30.3,0,0,0
Nebraska,3.8,57,2023-04-26,2023-05-08,Midwest,21.3,24.9,30.9,0,0,0
Nebraska,3.9,58,2023-06-07,2023-06-19,Midwest,21.5,26.6,31.0,0,0,0
Nebraska,3.9,59,2023-06-28,2023-07-10,Midwest,21.8,28.0,32.6,0,0,0
Nebraska,3.9,60,2023-07-26,2023-08-07,Midwest,22.8,24.1,30.7,0,0,0
Nebraska,3.1,61,2023-08-23,2023-09-04,Midwest,18.4,26.0,28.5,0,0,0
Nebraska,3.1,62,2023-09-20,2023-10-02,Midwest,20.5,25.5,30.0,0,0,0
Nevada,1.0,1,2020-04-23,2020-05-05,West,23.6,31.4,34.8,0,0,1
Nevada,1.0,2,2020-05-07,2020-05-12,West,31.2,34.0,38.1,0,0,1
Nevada,1.0,3,2020-05-14,2020-05-19,West,26.9,29.0,36.9,0,0,1
Nevada,1.0,4,2020-05-21,2020-05-26,West,27.1,35.6,40.7,0,0,1
Nevada,1.0,5,2020-05-28,2020-06-02,West,20.2,30.3,34.2,0,0,1
Nevada,1.0,6,2020-06-04,2020-06-09,West,27.6,33.3,38.5,0,0,1
Nevada,1.0,7,2020-06-11,2020-06-16,West,30.4,33.5,37.9,0,0,1
Nevada,1.0,8,2020-06-18,2020-06-23,West,32.5,38.4,45.6,0,0,1
Nevada,1.0,9,2020-06-25,2020-06-30,West,26.8,35.0,39.1,0,0,1
Nevada,1.0,10,2020-07-02,2020-07-07,West,34.6,40.6,44.8,0,0,1
Nevada,1.0,11,2020-07-09,2020-07-14,West,33.3,42.8,46.4,0,0,1
Nevada,1.0,12,2020-07-16,2020-07-21,West,38.6,43.7,46.8,0,0,1
Nevada,2.0,13,2020-08-19,2020-08-31,West,26.9,35.2,40.4,0,0,1
Nevada,2.0,14,2020-09-02,2020-09-14,West,27.1,32.1,37.6,0,0,1
Nevada,2.0,15,2020-09-16,2020-09-28,West,31.3,35.6,42.8,0,0,1
Nevada,2.0,16,2020-09-30,2020-10-12,West,29.2,39.3,43.3,0,0,1
Nevada,2.0,17,2020-10-14,2020-10-26,West,31.0,37.1,41.9,0,0,1
Nevada,3.0,18,2020-10-28,2020-11-09,West,34.0,39.9,47.3,0,0,1
Nevada,3.0,19,2020-11-11,2020-11-23,West,32.5,43.2,47.6,0,0,1
Nevada,3.0,20,2020-11-25,2020-12-07,West,35.7,42.4,47.2,0,0,1
Nevada,3.0,21,2020-12-09,2020-12-21,West,35.3,39.5,46.1,0,0,1
Nevada,3.0,22,2021-01-06,2021-01-18,West,30.8,34.9,41.7,0,0,1
Nevada,3.0,23,2021-01-20,2021-02-01,West,30.9,37.4,41.4,0,0,1
Nevada,3.0,24,2021-02-03,2021-02-15,West,30.4,39.0,44.0,0,0,1
Nevada,3.0,25,2021-02-17,2021-03-01,West,36.1,40.9,46.5,0,0,1
Nevada,3.0,26,2021-03-03,2021-03-15,West,25.4,29.5,33.7,0,0,1
Nevada,3.0,27,2021-03-17,2021-03-29,West,29.1,35.4,41.7,0,0,1
Nevada,3.1,28,2021-04-14,2021-04-26,West,22.6,27.4,32.6,0,0,1
Nevada,3.1,29,2021-04-28,2021-05-10,West,21.3,24.2,29.2,0,0,1
Nevada,3.1,30,2021-05-12,2021-05-24,West,19.4,25.9,28.4,0,0,1
Nevada,3.1,31,2021-05-26,2021-06-07,West,28.2,30.7,36.5,0,0,1
Nevada,3.1,32,2021-06-09,2021-06-21,West,25.2,30.1,33.9,0,0,1
Nevada,3.1,33,2021-06-23,2021-07-05,West,26.2,30.8,35.6,0,0,1
Nevada,3.2,34,2021-07-21,2021-08-02,West,29.3,32.5,37.0,0,0,1
Nevada,3.2,35,2021-08-04,2021-08-16,West,25.2,29.0,33.1,0,0,1
Nevada,3.2,36,2021-08-18,2021-08-30,West,27.2,32.3,36.4,0,0,1
Nevada,3.2,37,2021-09-01,2021-09-13,West,24.9,29.7,33.2,0,0,1
Nevada,3.2,38,2021-09-15,2021-09-27,West,26.5,30.1,37.0,0,0,1
Nevada,3.2,39,2021-09-29,2021-10-11,West,22.1,25.8,30.0,0,0,1
Nevada,3.3,40,2021-12-01,2021-12-13,West,27.4,30.9,36.3,0,0,1
Nevada,3.3,41,2021-12-29,2022-01-10,West,28.8,29.8,35.4,0,0,1
Nevada,3.3,42,2022-01-26,2022-02-07,West,29.6,31.1,37.0,0,0,1
Nevada,3.4,43,2022-03-02,2022-03-14,West,23.1,29.2,32.7,0,0,1
Nevada,3.4,44,2022-03-30,2022-04-11,West,23.0,26.4,31.2,0,0,1
Nevada,3.4,45,2022-04-27,2022-05-09,West,22.4,25.7,30.1,0,0,1
Nevada,3.5,46,2022-06-01,2022-06-13,West,30.2,34.0,39.9,0,0,1
Nevada,3.5,47,2022-06-29,2022-07-11,West,28.4,33.9,38.3,0,0,1
Nevada,3.5,48,2022-07-27,2022-08-08,West,21.3,29.7,32.5,0,0,1
Nevada,3.6,49,2022-09-14,2022-09-26,West,24.6,34.2,37.1,0,0,1
Nevada,3.6,50,2022-10-05,2022-10-17,West,27.2,35.7,38.9,0,0,1
Nevada,3.6,51,2022-11-02,2022-11-14,West,26.6,38.3,39.3,0,0,1
Nevada,3.7,52,2022-12-09,2022-12-19,West,26.5,37.4,41.1,0,0,1
Nevada,3.7,53,2023-01-04,2023-01-16,West,22.6,26.8,32.6,0,0,1
Nevada,3.7,54,2023-02-01,2023-02-13,West,29.4,31.8,38.4,0,0,1
Nevada,3.8,55,2023-03-01,2023-03-13,West,24.8,29.6,34.5,0,0,1
Nevada,3.8,56,2023-03-29,2023-04-10,West,21.4,33.3,37.9,0,0,1
Nevada,3.8,57,2023-04-26,2023-05-08,West,23.4,30.0,35.0,0,0,1
Nevada,3.9,58,2023-06-07,2023-06-19,West,22.1,28.5,31.7,0,0,1
Nevada,3.9,59,2023-06-28,2023-07-10,West,24.9,29.1,35.3,0,0,1
Nevada,3.9,60,2023-07-26,2023-08-07,West,27.1,31.6,37.4,0,0,1
Nevada,3.1,61,2023-08-23,2023-09-04,West,20.6,28.6,32.9,0,0,1
Nevada,3.1,62,2023-09-20,2023-10-02,West,27.9,33.4,41.4,0,0,1
New Hampshire,1.0,1,2020-04-23,2020-05-05,Northeast,19.5,31.3,34.8,1,0,0
New Hampshire,1.0,2,2020-05-07,2020-05-12,Northeast,23.3,30.4,35.0,1,0,0
New Hampshire,1.0,3,2020-05-14,2020-05-19,Northeast,20.3,25.2,28.8,1,0,0
New Hampshire,1.0,4,2020-05-21,2020-05-26,Northeast,22.2,24.6,31.1,1,0,0
New Hampshire,1.0,5,2020-05-28,2020-06-02,Northeast,22.6,26.7,31.8,1,0,0
New Hampshire,1.0,6,2020-06-04,2020-06-09,Northeast,26.2,31.7,35.1,1,0,0
New Hampshire,1.0,7,2020-06-11,2020-06-16,Northeast,21.7,28.1,33.4,1,0,0
New Hampshire,1.0,8,2020-06-18,2020-06-23,Northeast,23.0,31.2,34.4,1,0,0
New Hampshire,1.0,9,2020-06-25,2020-06-30,Northeast,24.3,27.5,32.4,1,0,0
New Hampshire,1.0,10,2020-07-02,2020-07-07,Northeast,19.7,32.5,35.7,1,0,0
New Hampshire,1.0,11,2020-07-09,2020-07-14,Northeast,28.7,28.9,35.1,1,0,0
New Hampshire,1.0,12,2020-07-16,2020-07-21,Northeast,28.8,34.0,40.7,1,0,0
New Hampshire,2.0,13,2020-08-19,2020-08-31,Northeast,19.8,28.4,31.5,1,0,0
New Hampshire,2.0,14,2020-09-02,2020-09-14,Northeast,22.1,31.6,34.9,1,0,0
New Hampshire,2.0,15,2020-09-16,2020-09-28,Northeast,19.0,29.4,32.2,1,0,0
New Hampshire,2.0,16,2020-09-30,2020-10-12,Northeast,19.8,27.3,31.4,1,0,0
New Hampshire,2.0,17,2020-10-14,2020-10-26,Northeast,20.8,26.5,31.0,1,0,0
New Hampshire,3.0,18,2020-10-28,2020-11-09,Northeast,21.5,36.0,39.2,1,0,0
New Hampshire,3.0,19,2020-11-11,2020-11-23,Northeast,24.2,33.8,40.1,1,0,0
New Hampshire,3.0,20,2020-11-25,2020-12-07,Northeast,26.1,37.3,41.7,1,0,0
New Hampshire,3.0,21,2020-12-09,2020-12-21,Northeast,23.8,32.2,39.5,1,0,0
New Hampshire,3.0,22,2021-01-06,2021-01-18,Northeast,25.4,33.7,36.5,1,0,0
New Hampshire,3.0,23,2021-01-20,2021-02-01,Northeast,25.2,32.5,37.7,1,0,0
New Hampshire,3.0,24,2021-02-03,2021-02-15,Northeast,19.6,29.3,32.6,1,0,0
New Hampshire,3.0,25,2021-02-17,2021-03-01,Northeast,23.5,26.6,34.4,1,0,0
New Hampshire,3.0,26,2021-03-03,2021-03-15,Northeast,21.7,31.6,35.7,1,0,0
New Hampshire,3.0,27,2021-03-17,2021-03-29,Northeast,23.3,28.0,32.4,1,0,0
New Hampshire,3.1,28,2021-04-14,2021-04-26,Northeast,17.7,23.3,27.3,1,0,0
New Hampshire,3.1,29,2021-04-28,2021-05-10,Northeast,14.6,23.3,26.3,1,0,0
New Hampshire,3.1,30,2021-05-12,2021-05-24,Northeast,20.5,19.6,27.5,1,0,0
New Hampshire,3.1,31,2021-05-26,2021-06-07,Northeast,26.3,28.8,33.4,1,0,0
New Hampshire,3.1,32,2021-06-09,2021-06-21,Northeast,13.2,19.1,21.0,1,0,0
New Hampshire,3.1,33,2021-06-23,2021-07-05,Northeast,19.3,25.3,29.9,1,0,0
New Hampshire,3.2,34,2021-07-21,2021-08-02,Northeast,16.8,21.8,25.9,1,0,0
New Hampshire,3.2,35,2021-08-04,2021-08-16,Northeast,20.8,23.2,30.0,1,0,0
New Hampshire,3.2,36,2021-08-18,2021-08-30,Northeast,17.2,21.6,23.9,1,0,0
New Hampshire,3.2,37,2021-09-01,2021-09-13,Northeast,18.3,26.3,28.7,1,0,0
New Hampshire,3.2,38,2021-09-15,2021-09-27,Northeast,17.0,24.8,26.8,1,0,0
New Hampshire,3.2,39,2021-09-29,2021-10-11,Northeast,14.8,20.0,23.5,1,0,0
New Hampshire,3.3,40,2021-12-01,2021-12-13,Northeast,21.1,27.0,30.7,1,0,0
New Hampshire,3.3,41,2021-12-29,2022-01-10,Northeast,21.0,27.2,31.7,1,0,0
New Hampshire,3.3,42,2022-01-26,2022-02-07,Northeast,16.2,20.8,23.9,1,0,0
New Hampshire,3.4,43,2022-03-02,2022-03-14,Northeast,18.8,26.4,29.6,1,0,0
New Hampshire,3.4,44,2022-03-30,2022-04-11,Northeast,20.9,24.7,30.8,1,0,0
New Hampshire,3.4,45,2022-04-27,2022-05-09,Northeast,21.6,30.0,31.9,1,0,0
New Hampshire,3.5,46,2022-06-01,2022-06-13,Northeast,20.4,29.0,31.2,1,0,0
New Hampshire,3.5,47,2022-06-29,2022-07-11,Northeast,15.7,26.2,28.8,1,0,0
New Hampshire,3.5,48,2022-07-27,2022-08-08,Northeast,18.8,26.9,28.8,1,0,0
New Hampshire,3.6,49,2022-09-14,2022-09-26,Northeast,23.2,36.1,38.1,1,0,0
New Hampshire,3.6,50,2022-10-05,2022-10-17,Northeast,20.9,28.0,33.2,1,0,0
New Hampshire,3.6,51,2022-11-02,2022-11-14,Northeast,22.9,27.0,32.4,1,0,0
New Hampshire,3.7,52,2022-12-09,2022-12-19,Northeast,22.0,29.6,34.1,1,0,0
New Hampshire,3.7,53,2023-01-04,2023-01-16,Northeast,21.2,27.7,31.5,1,0,0
New Hampshire,3.7,54,2023-02-01,2023-02-13,Northeast,17.6,26.3,29.4,1,0,0
New Hampshire,3.8,55,2023-03-01,2023-03-13,Northeast,18.4,25.5,29.1,1,0,0
New Hampshire,3.8,56,2023-03-29,2023-04-10,Northeast,18.5,22.1,28.6,1,0,0
New Hampshire,3.8,57,2023-04-26,2023-05-08,Northeast,19.2,30.1,32.9,1,0,0
New Hampshire,3.9,58,2023-06-07,2023-06-19,Northeast,21.0,27.9,31.6,1,0,0
New Hampshire,3.9,59,2023-06-28,2023-07-10,Northeast,17.8,24.0,27.5,1,0,0
New Hampshire,3.9,60,2023-07-26,2023-08-07,Northeast,19.1,27.3,30.1,1,0,0
New Hampshire,3.1,61,2023-08-23,2023-09-04,Northeast,17.6,24.2,26.5,1,0,0
New Hampshire,3.1,62,2023-09-20,2023-10-02,Northeast,22.2,28.3,33.0,1,0,0
New Jersey,1.0,1,2020-04-23,2020-05-05,Northeast,23.6,31.4,37.6,1,0,0
New Jersey,1.0,2,2020-05-07,2020-05-12,Northeast,26.4,36.3,39.6,1,0,0
New Jersey,1.0,3,2020-05-14,2020-05-19,Northeast,26.9,34.4,39.3,1,0,0
New Jersey,1.0,4,2020-05-21,2020-05-26,Northeast,22.9,26.2,31.1,1,0,0
New Jersey,1.0,5,2020-05-28,2020-06-02,Northeast,25.8,31.8,36.5,1,0,0
New Jersey,1.0,6,2020-06-04,2020-06-09,Northeast,21.8,30.7,33.8,1,0,0
New Jersey,1.0,7,2020-06-11,2020-06-16,Northeast,26.9,33.5,38.7,1,0,0
New Jersey,1.0,8,2020-06-18,2020-06-23,Northeast,24.4,30.8,34.1,1,0,0
New Jersey,1.0,9,2020-06-25,2020-06-30,Northeast,24.2,30.2,33.9,1,0,0
New Jersey,1.0,10,2020-07-02,2020-07-07,Northeast,25.9,33.6,38.2,1,0,0
New Jersey,1.0,11,2020-07-09,2020-07-14,Northeast,28.7,37.1,42.0,1,0,0
New Jersey,1.0,12,2020-07-16,2020-07-21,Northeast,26.8,34.2,37.6,1,0,0
New Jersey,2.0,13,2020-08-19,2020-08-31,Northeast,24.7,33.3,37.8,1,0,0
New Jersey,2.0,14,2020-09-02,2020-09-14,Northeast,21.9,30.7,35.4,1,0,0
New Jersey,2.0,15,2020-09-16,2020-09-28,Northeast,23.7,34.9,38.3,1,0,0
New Jersey,2.0,16,2020-09-30,2020-10-12,Northeast,22.5,34.7,39.1,1,0,0
New Jersey,2.0,17,2020-10-14,2020-10-26,Northeast,23.4,31.0,35.7,1,0,0
New Jersey,3.0,18,2020-10-28,2020-11-09,Northeast,23.2,33.5,36.9,1,0,0
New Jersey,3.0,19,2020-11-11,2020-11-23,Northeast,26.2,36.2,40.9,1,0,0
New Jersey,3.0,20,2020-11-25,2020-12-07,Northeast,27.7,36.7,40.8,1,0,0
New Jersey,3.0,21,2020-12-09,2020-12-21,Northeast,28.7,34.8,41.4,1,0,0
New Jersey,3.0,22,2021-01-06,2021-01-18,Northeast,27.3,34.2,39.4,1,0,0
New Jersey,3.0,23,2021-01-20,2021-02-01,Northeast,29.1,35.3,42.2,1,0,0
New Jersey,3.0,24,2021-02-03,2021-02-15,Northeast,24.3,34.3,38.8,1,0,0
New Jersey,3.0,25,2021-02-17,2021-03-01,Northeast,26.5,33.1,38.0,1,0,0
New Jersey,3.0,26,2021-03-03,2021-03-15,Northeast,24.9,31.5,36.0,1,0,0
New Jersey,3.0,27,2021-03-17,2021-03-29,Northeast,24.9,29.1,35.0,1,0,0
New Jersey,3.1,28,2021-04-14,2021-04-26,Northeast,22.3,27.6,32.7,1,0,0
New Jersey,3.1,29,2021-04-28,2021-05-10,Northeast,20.6,23.3,27.8,1,0,0
New Jersey,3.1,30,2021-05-12,2021-05-24,Northeast,20.4,24.1,26.3,1,0,0
New Jersey,3.1,31,2021-05-26,2021-06-07,Northeast,21.8,26.5,30.2,1,0,0
New Jersey,3.1,32,2021-06-09,2021-06-21,Northeast,20.3,26.9,31.0,1,0,0
New Jersey,3.1,33,2021-06-23,2021-07-05,Northeast,14.4,19.1,21.9,1,0,0
New Jersey,3.2,34,2021-07-21,2021-08-02,Northeast,17.7,21.6,25.8,1,0,0
New Jersey,3.2,35,2021-08-04,2021-08-16,Northeast,17.8,21.3,25.6,1,0,0
New Jersey,3.2,36,2021-08-18,2021-08-30,Northeast,17.9,27.1,30.6,1,0,0
New Jersey,3.2,37,2021-09-01,2021-09-13,Northeast,18.2,25.4,28.1,1,0,0
New Jersey,3.2,38,2021-09-15,2021-09-27,Northeast,20.6,26.4,29.7,1,0,0
New Jersey,3.2,39,2021-09-29,2021-10-11,Northeast,20.6,22.2,28.6,1,0,0
New Jersey,3.3,40,2021-12-01,2021-12-13,Northeast,18.7,22.9,27.8,1,0,0
New Jersey,3.3,41,2021-12-29,2022-01-10,Northeast,22.2,28.5,33.8,1,0,0
New Jersey,3.3,42,2022-01-26,2022-02-07,Northeast,23.6,30.7,34.9,1,0,0
New Jersey,3.4,43,2022-03-02,2022-03-14,Northeast,19.3,22.4,27.7,1,0,0
New Jersey,3.4,44,2022-03-30,2022-04-11,Northeast,20.8,27.7,32.0,1,0,0
New Jersey,3.4,45,2022-04-27,2022-05-09,Northeast,21.2,26.4,29.8,1,0,0
New Jersey,3.5,46,2022-06-01,2022-06-13,Northeast,19.0,26.3,29.6,1,0,0
New Jersey,3.5,47,2022-06-29,2022-07-11,Northeast,25.5,31.0,36.1,1,0,0
New Jersey,3.5,48,2022-07-27,2022-08-08,Northeast,19.5,19.5,24.5,1,0,0
New Jersey,3.6,49,2022-09-14,2022-09-26,Northeast,17.9,28.6,31.7,1,0,0
New Jersey,3.6,50,2022-10-05,2022-10-17,Northeast,26.5,33.3,38.5,1,0,0
New Jersey,3.6,51,2022-11-02,2022-11-14,Northeast,26.7,30.3,35.4,1,0,0
New Jersey,3.7,52,2022-12-09,2022-12-19,Northeast,18.7,28.4,30.8,1,0,0
New Jersey,3.7,53,2023-01-04,2023-01-16,Northeast,22.1,24.9,29.4,1,0,0
New Jersey,3.7,54,2023-02-01,2023-02-13,Northeast,18.0,24.2,27.7,1,0,0
New Jersey,3.8,55,2023-03-01,2023-03-13,Northeast,20.7,27.0,31.5,1,0,0
New Jersey,3.8,56,2023-03-29,2023-04-10,Northeast,19.9,24.3,29.9,1,0,0
New Jersey,3.8,57,2023-04-26,2023-05-08,Northeast,20.2,29.9,35.0,1,0,0
New Jersey,3.9,58,2023-06-07,2023-06-19,Northeast,18.8,25.6,29.4,1,0,0
New Jersey,3.9,59,2023-06-28,2023-07-10,Northeast,20.0,25.7,30.4,1,0,0
New Jersey,3.9,60,2023-07-26,2023-08-07,Northeast,17.7,21.8,28.2,1,0,0
New Jersey,3.1,61,2023-08-23,2023-09-04,Northeast,14.9,20.6,23.2,1,0,0
New Jersey,3.1,62,2023-09-20,2023-10-02,Northeast,20.0,26.7,31.5,1,0,0
New Mexico,1.0,1,2020-04-23,2020-05-05,West,22.4,27.9,34.6,0,0,1
New Mexico,1.0,2,2020-05-07,2020-05-12,West,29.0,30.2,39.8,0,0,1
New Mexico,1.0,3,2020-05-14,2020-05-19,West,28.4,29.6,37.4,0,0,1
New Mexico,1.0,4,2020-05-21,2020-05-26,West,28.7,35.4,39.1,0,0,1
New Mexico,1.0,5,2020-05-28,2020-06-02,West,24.3,37.1,39.5,0,0,1
New Mexico,1.0,6,2020-06-04,2020-06-09,West,23.7,28.6,34.7,0,0,1
New Mexico,1.0,7,2020-06-11,2020-06-16,West,18.8,22.7,25.5,0,0,1
New Mexico,1.0,8,2020-06-18,2020-06-23,West,29.4,39.0,42.5,0,0,1
New Mexico,1.0,9,2020-06-25,2020-06-30,West,29.7,32.2,39.1,0,0,1
New Mexico,1.0,10,2020-07-02,2020-07-07,West,32.5,38.1,43.3,0,0,1
New Mexico,1.0,11,2020-07-09,2020-07-14,West,30.1,38.6,41.7,0,0,1
New Mexico,1.0,12,2020-07-16,2020-07-21,West,37.6,44.7,47.5,0,0,1
New Mexico,2.0,13,2020-08-19,2020-08-31,West,27.8,35.2,38.9,0,0,1
New Mexico,2.0,14,2020-09-02,2020-09-14,West,27.5,34.7,40.2,0,0,1
New Mexico,2.0,15,2020-09-16,2020-09-28,West,29.1,38.0,43.2,0,0,1
New Mexico,2.0,16,2020-09-30,2020-10-12,West,26.1,33.9,41.1,0,0,1
New Mexico,2.0,17,2020-10-14,2020-10-26,West,31.9,39.5,46.3,0,0,1
New Mexico,3.0,18,2020-10-28,2020-11-09,West,32.6,40.1,44.2,0,0,1
New Mexico,3.0,19,2020-11-11,2020-11-23,West,32.6,42.6,49.7,0,0,1
New Mexico,3.0,20,2020-11-25,2020-12-07,West,30.2,42.6,46.1,0,0,1
New Mexico,3.0,21,2020-12-09,2020-12-21,West,35.6,42.4,47.7,0,0,1
New Mexico,3.0,22,2021-01-06,2021-01-18,West,27.4,33.6,38.9,0,0,1
New Mexico,3.0,23,2021-01-20,2021-02-01,West,30.3,35.8,43.3,0,0,1
New Mexico,3.0,24,2021-02-03,2021-02-15,West,32.4,37.2,42.9,0,0,1
New Mexico,3.0,25,2021-02-17,2021-03-01,West,32.0,33.5,42.5,0,0,1
New Mexico,3.0,26,2021-03-03,2021-03-15,West,27.6,35.0,39.8,0,0,1
New Mexico,3.0,27,2021-03-17,2021-03-29,West,26.1,33.3,38.3,0,0,1
New Mexico,3.1,28,2021-04-14,2021-04-26,West,22.7,27.4,30.8,0,0,1
New Mexico,3.1,29,2021-04-28,2021-05-10,West,20.4,25.4,28.4,0,0,1
New Mexico,3.1,30,2021-05-12,2021-05-24,West,22.7,24.3,29.1,0,0,1
New Mexico,3.1,31,2021-05-26,2021-06-07,West,23.7,28.6,32.8,0,0,1
New Mexico,3.1,32,2021-06-09,2021-06-21,West,27.5,31.2,35.7,0,0,1
New Mexico,3.1,33,2021-06-23,2021-07-05,West,29.6,33.0,36.6,0,0,1
New Mexico,3.2,34,2021-07-21,2021-08-02,West,23.5,30.1,33.6,0,0,1
New Mexico,3.2,35,2021-08-04,2021-08-16,West,23.8,29.4,33.6,0,0,1
New Mexico,3.2,36,2021-08-18,2021-08-30,West,20.7,27.1,30.3,0,0,1
New Mexico,3.2,37,2021-09-01,2021-09-13,West,20.3,29.0,31.7,0,0,1
New Mexico,3.2,38,2021-09-15,2021-09-27,West,25.6,30.5,34.2,0,0,1
New Mexico,3.2,39,2021-09-29,2021-10-11,West,22.7,26.3,31.9,0,0,1
New Mexico,3.3,40,2021-12-01,2021-12-13,West,26.9,28.5,34.6,0,0,1
New Mexico,3.3,41,2021-12-29,2022-01-10,West,26.7,33.2,36.8,0,0,1
New Mexico,3.3,42,2022-01-26,2022-02-07,West,24.9,29.4,34.8,0,0,1
New Mexico,3.4,43,2022-03-02,2022-03-14,West,24.0,31.3,34.0,0,0,1
New Mexico,3.4,44,2022-03-30,2022-04-11,West,27.0,34.4,39.3,0,0,1
New Mexico,3.4,45,2022-04-27,2022-05-09,West,24.2,26.1,32.4,0,0,1
New Mexico,3.5,46,2022-06-01,2022-06-13,West,23.5,28.3,33.2,0,0,1
New Mexico,3.5,47,2022-06-29,2022-07-11,West,28.0,34.9,39.5,0,0,1
New Mexico,3.5,48,2022-07-27,2022-08-08,West,24.4,30.2,32.4,0,0,1
New Mexico,3.6,49,2022-09-14,2022-09-26,West,27.0,33.8,38.1,0,0,1
New Mexico,3.6,50,2022-10-05,2022-10-17,West,28.4,34.9,40.5,0,0,1
New Mexico,3.6,51,2022-11-02,2022-11-14,West,27.4,32.1,38.7,0,0,1
New Mexico,3.7,52,2022-12-09,2022-12-19,West,22.2,27.7,32.9,0,0,1
New Mexico,3.7,53,2023-01-04,2023-01-16,West,22.3,27.9,32.1,0,0,1
New Mexico,3.7,54,2023-02-01,2023-02-13,West,23.7,29.8,36.4,0,0,1
New Mexico,3.8,55,2023-03-01,2023-03-13,West,21.0,28.4,31.4,0,0,1
New Mexico,3.8,56,2023-03-29,2023-04-10,West,21.2,27.6,31.4,0,0,1
New Mexico,3.8,57,2023-04-26,2023-05-08,West,20.1,29.3,32.0,0,0,1
New Mexico,3.9,58,2023-06-07,2023-06-19,West,24.3,29.2,32.7,0,0,1
New Mexico,3.9,59,2023-06-28,2023-07-10,West,26.0,32.2,35.6,0,0,1
New Mexico,3.9,60,2023-07-26,2023-08-07,West,25.6,32.2,36.5,0,0,1
New Mexico,3.1,61,2023-08-23,2023-09-04,West,21.5,30.6,34.5,0,0,1
New Mexico,3.1,62,2023-09-20,2023-10-02,West,24.9,31.7,34.7,0,0,1
New York,1.0,1,2020-04-23,2020-05-05,Northeast,28.7,36.1,41.4,1,0,0
New York,1.0,2,2020-05-07,2020-05-12,Northeast,29.2,33.0,36.9,1,0,0
New York,1.0,3,2020-05-14,2020-05-19,Northeast,23.8,26.8,34.9,1,0,0
New York,1.0,4,2020-05-21,2020-05-26,Northeast,23.7,30.6,34.4,1,0,0
New York,1.0,5,2020-05-28,2020-06-02,Northeast,24.5,29.8,34.8,1,0,0
New York,1.0,6,2020-06-04,2020-06-09,Northeast,28.5,36.3,38.6,1,0,0
New York,1.0,7,2020-06-11,2020-06-16,Northeast,23.4,28.7,32.9,1,0,0
New York,1.0,8,2020-06-18,2020-06-23,Northeast,24.2,26.9,32.9,1,0,0
New York,1.0,9,2020-06-25,2020-06-30,Northeast,23.9,30.6,34.3,1,0,0
New York,1.0,10,2020-07-02,2020-07-07,Northeast,28.5,34.7,39.7,1,0,0
New York,1.0,11,2020-07-09,2020-07-14,Northeast,25.0,34.2,38.3,1,0,0
New York,1.0,12,2020-07-16,2020-07-21,Northeast,29.3,36.2,41.1,1,0,0
New York,2.0,13,2020-08-19,2020-08-31,Northeast,22.5,29.9,34.4,1,0,0
New York,2.0,14,2020-09-02,2020-09-14,Northeast,25.1,33.5,37.7,1,0,0
New York,2.0,15,2020-09-16,2020-09-28,Northeast,23.5,32.3,36.2,1,0,0
New York,2.0,16,2020-09-30,2020-10-12,Northeast,23.3,30.7,35.2,1,0,0
New York,2.0,17,2020-10-14,2020-10-26,Northeast,27.0,34.3,38.9,1,0,0
New York,3.0,18,2020-10-28,2020-11-09,Northeast,22.0,33.0,36.5,1,0,0
New York,3.0,19,2020-11-11,2020-11-23,Northeast,25.1,36.6,41.7,1,0,0
New York,3.0,20,2020-11-25,2020-12-07,Northeast,23.3,35.3,38.9,1,0,0
New York,3.0,21,2020-12-09,2020-12-21,Northeast,30.2,33.3,40.7,1,0,0
New York,3.0,22,2021-01-06,2021-01-18,Northeast,25.0,33.8,40.2,1,0,0
New York,3.0,23,2021-01-20,2021-02-01,Northeast,25.1,32.3,35.8,1,0,0
New York,3.0,24,2021-02-03,2021-02-15,Northeast,31.1,36.0,41.8,1,0,0
New York,3.0,25,2021-02-17,2021-03-01,Northeast,28.2,32.7,38.7,1,0,0
New York,3.0,26,2021-03-03,2021-03-15,Northeast,24.7,31.4,36.6,1,0,0
New York,3.0,27,2021-03-17,2021-03-29,Northeast,25.4,32.3,36.1,1,0,0
New York,3.1,28,2021-04-14,2021-04-26,Northeast,23.3,26.9,31.2,1,0,0
New York,3.1,29,2021-04-28,2021-05-10,Northeast,21.2,27.4,31.6,1,0,0
New York,3.1,30,2021-05-12,2021-05-24,Northeast,23.7,27.0,32.4,1,0,0
New York,3.1,31,2021-05-26,2021-06-07,Northeast,19.9,22.9,27.7,1,0,0
New York,3.1,32,2021-06-09,2021-06-21,Northeast,20.0,25.4,30.5,1,0,0
New York,3.1,33,2021-06-23,2021-07-05,Northeast,18.6,22.4,26.7,1,0,0
New York,3.2,34,2021-07-21,2021-08-02,Northeast,16.3,22.5,24.9,1,0,0
New York,3.2,35,2021-08-04,2021-08-16,Northeast,17.7,26.8,29.6,1,0,0
New York,3.2,36,2021-08-18,2021-08-30,Northeast,19.1,23.6,28.6,1,0,0
New York,3.2,37,2021-09-01,2021-09-13,Northeast,23.0,27.8,32.0,1,0,0
New York,3.2,38,2021-09-15,2021-09-27,Northeast,23.6,34.5,37.4,1,0,0
New York,3.2,39,2021-09-29,2021-10-11,Northeast,20.6,26.5,29.6,1,0,0
New York,3.3,40,2021-12-01,2021-12-13,Northeast,23.1,29.1,33.3,1,0,0
New York,3.3,41,2021-12-29,2022-01-10,Northeast,21.1,28.7,31.4,1,0,0
New York,3.3,42,2022-01-26,2022-02-07,Northeast,20.5,26.1,29.6,1,0,0
New York,3.4,43,2022-03-02,2022-03-14,Northeast,20.5,24.7,29.1,1,0,0
New York,3.4,44,2022-03-30,2022-04-11,Northeast,19.0,25.7,30.9,1,0,0
New York,3.4,45,2022-04-27,2022-05-09,Northeast,25.5,27.9,32.0,1,0,0
New York,3.5,46,2022-06-01,2022-06-13,Northeast,18.2,27.5,29.8,1,0,0
New York,3.5,47,2022-06-29,2022-07-11,Northeast,21.3,28.9,31.9,1,0,0
New York,3.5,48,2022-07-27,2022-08-08,Northeast,16.0,23.9,26.3,1,0,0
New York,3.6,49,2022-09-14,2022-09-26,Northeast,25.5,31.9,37.2,1,0,0
New York,3.6,50,2022-10-05,2022-10-17,Northeast,21.7,27.5,33.3,1,0,0
New York,3.6,51,2022-11-02,2022-11-14,Northeast,22.8,33.7,39.3,1,0,0
New York,3.7,52,2022-12-09,2022-12-19,Northeast,22.7,30.2,34.4,1,0,0
New York,3.7,53,2023-01-04,2023-01-16,Northeast,22.9,29.3,34.1,1,0,0
New York,3.7,54,2023-02-01,2023-02-13,Northeast,19.4,28.8,31.4,1,0,0
New York,3.8,55,2023-03-01,2023-03-13,Northeast,19.6,26.7,31.6,1,0,0
New York,3.8,56,2023-03-29,2023-04-10,Northeast,18.3,24.1,30.1,1,0,0
New York,3.8,57,2023-04-26,2023-05-08,Northeast,18.2,24.9,29.2,1,0,0
New York,3.9,58,2023-06-07,2023-06-19,Northeast,17.6,25.8,28.9,1,0,0
New York,3.9,59,2023-06-28,2023-07-10,Northeast,21.0,24.7,31.5,1,0,0
New York,3.9,60,2023-07-26,2023-08-07,Northeast,18.4,25.7,29.2,1,0,0
New York,3.1,61,2023-08-23,2023-09-04,Northeast,17.7,23.1,27.6,1,0,0
New York,3.1,62,2023-09-20,2023-10-02,Northeast,18.5,23.0,26.0,1,0,0
North Carolina,1.0,1,2020-04-23,2020-05-05,South,21.1,30.0,34.6,0,1,0
North Carolina,1.0,2,2020-05-07,2020-05-12,South,20.2,25.9,28.1,0,1,0
North Carolina,1.0,3,2020-05-14,2020-05-19,South,22.6,28.4,32.2,0,1,0
North Carolina,1.0,4,2020-05-21,2020-05-26,South,22.1,27.5,32.3,0,1,0
North Carolina,1.0,5,2020-05-28,2020-06-02,South,22.3,29.6,33.0,0,1,0
North Carolina,1.0,6,2020-06-04,2020-06-09,South,21.6,33.3,36.2,0,1,0
North Carolina,1.0,7,2020-06-11,2020-06-16,South,23.9,30.0,36.2,0,1,0
North Carolina,1.0,8,2020-06-18,2020-06-23,South,22.5,29.1,34.1,0,1,0
North Carolina,1.0,9,2020-06-25,2020-06-30,South,22.7,30.4,33.4,0,1,0
North Carolina,1.0,10,2020-07-02,2020-07-07,South,28.3,33.4,38.4,0,1,0
North Carolina,1.0,11,2020-07-09,2020-07-14,South,26.4,34.0,38.3,0,1,0
North Carolina,1.0,12,2020-07-16,2020-07-21,South,30.5,33.1,39.5,0,1,0
North Carolina,2.0,13,2020-08-19,2020-08-31,South,20.5,28.4,32.3,0,1,0
North Carolina,2.0,14,2020-09-02,2020-09-14,South,20.9,27.4,32.2,0,1,0
North Carolina,2.0,15,2020-09-16,2020-09-28,South,21.5,28.7,32.6,0,1,0
North Carolina,2.0,16,2020-09-30,2020-10-12,South,25.7,29.7,35.8,0,1,0
North Carolina,2.0,17,2020-10-14,2020-10-26,South,21.4,27.0,32.4,0,1,0
North Carolina,3.0,18,2020-10-28,2020-11-09,South,27.6,36.0,42.3,0,1,0
North Carolina,3.0,19,2020-11-11,2020-11-23,South,26.9,38.3,41.5,0,1,0
North Carolina,3.0,20,2020-11-25,2020-12-07,South,28.4,32.9,39.0,0,1,0
North Carolina,3.0,21,2020-12-09,2020-12-21,South,24.1,32.1,37.0,0,1,0
North Carolina,3.0,22,2021-01-06,2021-01-18,South,31.1,38.8,44.3,0,1,0
North Carolina,3.0,23,2021-01-20,2021-02-01,South,30.2,39.2,44.7,0,1,0
North Carolina,3.0,24,2021-02-03,2021-02-15,South,27.5,33.8,38.9,0,1,0
North Carolina,3.0,25,2021-02-17,2021-03-01,South,30.3,33.0,38.8,0,1,0
North Carolina,3.0,26,2021-03-03,2021-03-15,South,22.2,30.1,35.8,0,1,0
North Carolina,3.0,27,2021-03-17,2021-03-29,South,22.8,28.7,32.5,0,1,0
North Carolina,3.1,28,2021-04-14,2021-04-26,South,22.4,26.7,31.2,0,1,0
North Carolina,3.1,29,2021-04-28,2021-05-10,South,23.4,29.6,33.5,0,1,0
North Carolina,3.1,30,2021-05-12,2021-05-24,South,17.9,25.0,28.1,0,1,0
North Carolina,3.1,31,2021-05-26,2021-06-07,South,24.6,26.7,31.8,0,1,0
North Carolina,3.1,32,2021-06-09,2021-06-21,South,18.7,22.8,25.7,0,1,0
North Carolina,3.1,33,2021-06-23,2021-07-05,South,22.7,26.3,31.2,0,1,0
North Carolina,3.2,34,2021-07-21,2021-08-02,South,18.7,23.4,26.3,0,1,0
North Carolina,3.2,35,2021-08-04,2021-08-16,South,18.4,26.5,29.3,0,1,0
North Carolina,3.2,36,2021-08-18,2021-08-30,South,26.2,30.1,34.0,0,1,0
North Carolina,3.2,37,2021-09-01,2021-09-13,South,19.0,29.7,32.2,0,1,0
North Carolina,3.2,38,2021-09-15,2021-09-27,South,21.4,23.8,28.6,0,1,0
North Carolina,3.2,39,2021-09-29,2021-10-11,South,27.4,27.3,35.0,0,1,0
North Carolina,3.3,40,2021-12-01,2021-12-13,South,21.2,25.0,30.0,0,1,0
North Carolina,3.3,41,2021-12-29,2022-01-10,South,20.1,25.6,29.3,0,1,0
North Carolina,3.3,42,2022-01-26,2022-02-07,South,18.0,25.1,28.0,0,1,0
North Carolina,3.4,43,2022-03-02,2022-03-14,South,21.5,26.9,29.7,0,1,0
North Carolina,3.4,44,2022-03-30,2022-04-11,South,21.8,26.0,31.5,0,1,0
North Carolina,3.4,45,2022-04-27,2022-05-09,South,20.8,25.5,28.1,0,1,0
North Carolina,3.5,46,2022-06-01,2022-06-13,South,24.9,31.5,35.6,0,1,0
North Carolina,3.5,47,2022-06-29,2022-07-11,South,20.5,28.2,32.3,0,1,0
North Carolina,3.5,48,2022-07-27,2022-08-08,South,20.8,26.2,29.7,0,1,0
North Carolina,3.6,49,2022-09-14,2022-09-26,South,22.5,28.6,32.8,0,1,0
North Carolina,3.6,50,2022-10-05,2022-10-17,South,20.7,28.5,32.7,0,1,0
North Carolina,3.6,51,2022-11-02,2022-11-14,South,24.7,30.9,35.2,0,1,0
North Carolina,3.7,52,2022-12-09,2022-12-19,South,20.6,25.6,30.8,0,1,0
North Carolina,3.7,53,2023-01-04,2023-01-16,South,19.7,26.5,30.1,0,1,0
North Carolina,3.7,54,2023-02-01,2023-02-13,South,17.0,21.1,24.9,0,1,0
North Carolina,3.8,55,2023-03-01,2023-03-13,South,20.6,27.8,31.0,0,1,0
North Carolina,3.8,56,2023-03-29,2023-04-10,South,19.4,27.1,30.0,0,1,0
North Carolina,3.8,57,2023-04-26,2023-05-08,South,20.4,24.3,29.8,0,1,0
North Carolina,3.9,58,2023-06-07,2023-06-19,South,21.5,30.9,35.5,0,1,0
North Carolina,3.9,59,2023-06-28,2023-07-10,South,21.2,26.7,30.9,0,1,0
North Carolina,3.9,60,2023-07-26,2023-08-07,South,26.3,28.8,33.7,0,1,0
North Carolina,3.1,61,2023-08-23,2023-09-04,South,18.4,25.1,29.9,0,1,0
North Carolina,3.1,62,2023-09-20,2023-10-02,South,23.1,28.3,35.0,0,1,0
North Dakota,1.0,1,2020-04-23,2020-05-05,Midwest,17.0,21.7,27.7,0,0,0
North Dakota,1.0,2,2020-05-07,2020-05-12,Midwest,20.2,25.4,28.6,0,0,0
North Dakota,1.0,3,2020-05-14,2020-05-19,Midwest,22.5,26.2,31.9,0,0,0
North Dakota,1.0,4,2020-05-21,2020-05-26,Midwest,19.8,22.1,28.1,0,0,0
North Dakota,1.0,5,2020-05-28,2020-06-02,Midwest,19.3,18.4,26.0,0,0,0
North Dakota,1.0,6,2020-06-04,2020-06-09,Midwest,14.7,20.2,23.0,0,0,0
North Dakota,1.0,7,2020-06-11,2020-06-16,Midwest,23.4,30.3,33.6,0,0,0
North Dakota,1.0,8,2020-06-18,2020-06-23,Midwest,25.1,28.7,33.0,0,0,0
North Dakota,1.0,9,2020-06-25,2020-06-30,Midwest,25.0,29.4,34.0,0,0,0
North Dakota,1.0,10,2020-07-02,2020-07-07,Midwest,23.0,29.1,32.6,0,0,0
North Dakota,1.0,11,2020-07-09,2020-07-14,Midwest,25.2,30.5,33.3,0,0,0
North Dakota,1.0,12,2020-07-16,2020-07-21,Midwest,26.8,30.3,33.8,0,0,0
North Dakota,2.0,13,2020-08-19,2020-08-31,Midwest,17.8,26.4,29.6,0,0,0
North Dakota,2.0,14,2020-09-02,2020-09-14,Midwest,17.4,22.2,26.3,0,0,0
North Dakota,2.0,15,2020-09-16,2020-09-28,Midwest,19.0,23.2,27.7,0,0,0
North Dakota,2.0,16,2020-09-30,2020-10-12,Midwest,16.6,24.7,27.8,0,0,0
North Dakota,2.0,17,2020-10-14,2020-10-26,Midwest,20.2,28.0,30.9,0,0,0
North Dakota,3.0,18,2020-10-28,2020-11-09,Midwest,17.0,22.3,25.5,0,0,0
North Dakota,3.0,19,2020-11-11,2020-11-23,Midwest,26.1,32.6,39.0,0,0,0
North Dakota,3.0,20,2020-11-25,2020-12-07,Midwest,21.1,28.9,32.8,0,0,0
North Dakota,3.0,21,2020-12-09,2020-12-21,Midwest,21.6,27.4,34.1,0,0,0
North Dakota,3.0,22,2021-01-06,2021-01-18,Midwest,26.7,30.9,35.6,0,0,0
North Dakota,3.0,23,2021-01-20,2021-02-01,Midwest,18.5,23.8,28.8,0,0,0
North Dakota,3.0,24,2021-02-03,2021-02-15,Midwest,20.2,30.7,35.5,0,0,0
North Dakota,3.0,25,2021-02-17,2021-03-01,Midwest,20.3,25.3,30.1,0,0,0
North Dakota,3.0,26,2021-03-03,2021-03-15,Midwest,20.0,23.3,26.8,0,0,0
North Dakota,3.0,27,2021-03-17,2021-03-29,Midwest,18.3,24.5,26.7,0,0,0
North Dakota,3.1,28,2021-04-14,2021-04-26,Midwest,23.1,26.8,31.4,0,0,0
North Dakota,3.1,29,2021-04-28,2021-05-10,Midwest,16.7,21.7,24.8,0,0,0
North Dakota,3.1,30,2021-05-12,2021-05-24,Midwest,16.6,19.6,23.2,0,0,0
North Dakota,3.1,31,2021-05-26,2021-06-07,Midwest,18.7,22.6,27.0,0,0,0
North Dakota,3.1,32,2021-06-09,2021-06-21,Midwest,19.3,24.1,26.5,0,0,0
North Dakota,3.1,33,2021-06-23,2021-07-05,Midwest,16.9,22.9,27.1,0,0,0
North Dakota,3.2,34,2021-07-21,2021-08-02,Midwest,16.1,19.9,23.5,0,0,0
North Dakota,3.2,35,2021-08-04,2021-08-16,Midwest,13.1,20.1,22.9,0,0,0
North Dakota,3.2,36,2021-08-18,2021-08-30,Midwest,25.3,25.5,29.8,0,0,0
North Dakota,3.2,37,2021-09-01,2021-09-13,Midwest,21.3,27.0,30.7,0,0,0
North Dakota,3.2,38,2021-09-15,2021-09-27,Midwest,18.1,24.2,27.4,0,0,0
North Dakota,3.2,39,2021-09-29,2021-10-11,Midwest,23.8,29.0,33.3,0,0,0
North Dakota,3.3,40,2021-12-01,2021-12-13,Midwest,21.1,29.9,33.4,0,0,0
North Dakota,3.3,41,2021-12-29,2022-01-10,Midwest,19.0,22.0,24.8,0,0,0
North Dakota,3.3,42,2022-01-26,2022-02-07,Midwest,21.2,24.1,30.0,0,0,0
North Dakota,3.4,43,2022-03-02,2022-03-14,Midwest,18.6,22.5,26.2,0,0,0
North Dakota,3.4,44,2022-03-30,2022-04-11,Midwest,21.2,28.9,32.6,0,0,0
North Dakota,3.4,45,2022-04-27,2022-05-09,Midwest,20.5,26.3,29.8,0,0,0
North Dakota,3.5,46,2022-06-01,2022-06-13,Midwest,19.8,23.6,28.2,0,0,0
North Dakota,3.5,47,2022-06-29,2022-07-11,Midwest,24.6,29.7,32.7,0,0,0
North Dakota,3.5,48,2022-07-27,2022-08-08,Midwest,15.8,22.2,26.0,0,0,0
North Dakota,3.6,49,2022-09-14,2022-09-26,Midwest,21.4,27.5,31.2,0,0,0
North Dakota,3.6,50,2022-10-05,2022-10-17,Midwest,22.6,26.4,31.1,0,0,0
North Dakota,3.6,51,2022-11-02,2022-11-14,Midwest,25.0,33.8,36.6,0,0,0
North Dakota,3.7,52,2022-12-09,2022-12-19,Midwest,23.1,26.8,31.0,0,0,0
North Dakota,3.7,53,2023-01-04,2023-01-16,Midwest,21.1,25.4,30.4,0,0,0
North Dakota,3.7,54,2023-02-01,2023-02-13,Midwest,19.5,24.7,29.0,0,0,0
North Dakota,3.8,55,2023-03-01,2023-03-13,Midwest,20.9,20.2,26.8,0,0,0
North Dakota,3.8,56,2023-03-29,2023-04-10,Midwest,20.2,27.0,30.1,0,0,0
North Dakota,3.8,57,2023-04-26,2023-05-08,Midwest,18.1,27.3,31.8,0,0,0
North Dakota,3.9,58,2023-06-07,2023-06-19,Midwest,14.0,19.6,23.9,0,0,0
North Dakota,3.9,59,2023-06-28,2023-07-10,Midwest,19.5,25.1,29.2,0,0,0
North Dakota,3.9,60,2023-07-26,2023-08-07,Midwest,17.3,29.6,31.1,0,0,0
North Dakota,3.1,61,2023-08-23,2023-09-04,Midwest,15.9,20.5,25.5,0,0,0
North Dakota,3.1,62,2023-09-20,2023-10-02,Midwest,20.1,26.7,31.3,0,0,0
Ohio,1.0,1,2020-04-23,2020-05-05,Midwest,21.2,31.1,35.1,0,0,0
Ohio,1.0,2,2020-05-07,2020-05-12,Midwest,26.4,26.4,32.8,0,0,0
Ohio,1.0,3,2020-05-14,2020-05-19,Midwest,27.0,26.2,33.9,0,0,0
Ohio,1.0,4,2020-05-21,2020-05-26,Midwest,27.4,29.8,34.6,0,0,0
Ohio,1.0,5,2020-05-28,2020-06-02,Midwest,28.1,29.6,37.0,0,0,0
Ohio,1.0,6,2020-06-04,2020-06-09,Midwest,26.4,30.6,36.9,0,0,0
Ohio,1.0,7,2020-06-11,2020-06-16,Midwest,26.8,31.5,35.6,0,0,0
Ohio,1.0,8,2020-06-18,2020-06-23,Midwest,21.5,27.7,31.6,0,0,0
Ohio,1.0,9,2020-06-25,2020-06-30,Midwest,23.3,28.8,34.6,0,0,0
Ohio,1.0,10,2020-07-02,2020-07-07,Midwest,25.6,31.9,34.9,0,0,0
Ohio,1.0,11,2020-07-09,2020-07-14,Midwest,21.2,31.7,34.8,0,0,0
Ohio,1.0,12,2020-07-16,2020-07-21,Midwest,24.9,32.8,37.1,0,0,0
Ohio,2.0,13,2020-08-19,2020-08-31,Midwest,24.9,31.7,37.3,0,0,0
Ohio,2.0,14,2020-09-02,2020-09-14,Midwest,25.4,32.1,36.4,0,0,0
Ohio,2.0,15,2020-09-16,2020-09-28,Midwest,24.7,32.3,36.5,0,0,0
Ohio,2.0,16,2020-09-30,2020-10-12,Midwest,25.5,33.6,38.5,0,0,0
Ohio,2.0,17,2020-10-14,2020-10-26,Midwest,25.0,31.7,37.2,0,0,0
Ohio,3.0,18,2020-10-28,2020-11-09,Midwest,26.7,37.1,42.0,0,0,0
Ohio,3.0,19,2020-11-11,2020-11-23,Midwest,28.7,38.1,41.7,0,0,0
Ohio,3.0,20,2020-11-25,2020-12-07,Midwest,32.7,35.4,44.2,0,0,0
Ohio,3.0,21,2020-12-09,2020-12-21,Midwest,35.7,38.1,46.0,0,0,0
Ohio,3.0,22,2021-01-06,2021-01-18,Midwest,31.1,34.4,41.4,0,0,0
Ohio,3.0,23,2021-01-20,2021-02-01,Midwest,29.6,36.4,43.2,0,0,0
Ohio,3.0,24,2021-02-03,2021-02-15,Midwest,25.7,31.2,36.4,0,0,0
Ohio,3.0,25,2021-02-17,2021-03-01,Midwest,29.1,33.7,38.3,0,0,0
Ohio,3.0,26,2021-03-03,2021-03-15,Midwest,30.6,33.7,41.2,0,0,0
Ohio,3.0,27,2021-03-17,2021-03-29,Midwest,23.2,26.7,33.4,0,0,0
Ohio,3.1,28,2021-04-14,2021-04-26,Midwest,19.9,21.7,27.1,0,0,0
Ohio,3.1,29,2021-04-28,2021-05-10,Midwest,23.9,25.8,31.8,0,0,0
Ohio,3.1,30,2021-05-12,2021-05-24,Midwest,23.9,24.4,28.5,0,0,0
Ohio,3.1,31,2021-05-26,2021-06-07,Midwest,20.2,25.4,30.4,0,0,0
Ohio,3.1,32,2021-06-09,2021-06-21,Midwest,20.6,25.4,28.4,0,0,0
Ohio,3.1,33,2021-06-23,2021-07-05,Midwest,22.1,25.3,31.2,0,0,0
Ohio,3.2,34,2021-07-21,2021-08-02,Midwest,23.2,28.2,32.3,0,0,0
Ohio,3.2,35,2021-08-04,2021-08-16,Midwest,21.0,23.4,27.8,0,0,0
Ohio,3.2,36,2021-08-18,2021-08-30,Midwest,27.4,27.9,34.5,0,0,0
Ohio,3.2,37,2021-09-01,2021-09-13,Midwest,22.2,28.2,31.6,0,0,0
Ohio,3.2,38,2021-09-15,2021-09-27,Midwest,17.7,25.5,28.2,0,0,0
Ohio,3.2,39,2021-09-29,2021-10-11,Midwest,17.2,23.0,26.4,0,0,0
Ohio,3.3,40,2021-12-01,2021-12-13,Midwest,20.3,26.5,30.1,0,0,0
Ohio,3.3,41,2021-12-29,2022-01-10,Midwest,24.6,28.0,32.3,0,0,0
Ohio,3.3,42,2022-01-26,2022-02-07,Midwest,20.3,23.1,26.7,0,0,0
Ohio,3.4,43,2022-03-02,2022-03-14,Midwest,21.7,29.8,34.1,0,0,0
Ohio,3.4,44,2022-03-30,2022-04-11,Midwest,20.5,25.1,28.9,0,0,0
Ohio,3.4,45,2022-04-27,2022-05-09,Midwest,18.8,24.0,28.2,0,0,0
Ohio,3.5,46,2022-06-01,2022-06-13,Midwest,20.9,29.7,33.9,0,0,0
Ohio,3.5,47,2022-06-29,2022-07-11,Midwest,19.6,23.2,28.2,0,0,0
Ohio,3.5,48,2022-07-27,2022-08-08,Midwest,21.6,28.7,33.0,0,0,0
Ohio,3.6,49,2022-09-14,2022-09-26,Midwest,23.5,31.6,35.5,0,0,0
Ohio,3.6,50,2022-10-05,2022-10-17,Midwest,27.0,27.7,35.1,0,0,0
Ohio,3.6,51,2022-11-02,2022-11-14,Midwest,26.5,33.4,36.5,0,0,0
Ohio,3.7,52,2022-12-09,2022-12-19,Midwest,24.1,28.0,33.4,0,0,0
Ohio,3.7,53,2023-01-04,2023-01-16,Midwest,23.1,30.5,35.2,0,0,0
Ohio,3.7,54,2023-02-01,2023-02-13,Midwest,20.4,28.5,33.1,0,0,0
Ohio,3.8,55,2023-03-01,2023-03-13,Midwest,22.2,29.4,33.3,0,0,0
Ohio,3.8,56,2023-03-29,2023-04-10,Midwest,22.0,33.6,36.7,0,0,0
Ohio,3.8,57,2023-04-26,2023-05-08,Midwest,22.8,29.9,32.8,0,0,0
Ohio,3.9,58,2023-06-07,2023-06-19,Midwest,20.8,26.3,31.5,0,0,0
Ohio,3.9,59,2023-06-28,2023-07-10,Midwest,23.7,27.7,31.4,0,0,0
Ohio,3.9,60,2023-07-26,2023-08-07,Midwest,21.2,28.1,32.5,0,0,0
Ohio,3.1,61,2023-08-23,2023-09-04,Midwest,20.6,25.6,29.9,0,0,0
Ohio,3.1,62,2023-09-20,2023-10-02,Midwest,20.7,28.1,32.6,0,0,0
Oklahoma,1.0,1,2020-04-23,2020-05-05,South,20.8,28.6,34.1,0,1,0
Oklahoma,1.0,2,2020-05-07,2020-05-12,South,20.7,27.2,31.0,0,1,0
Oklahoma,1.0,3,2020-05-14,2020-05-19,South,25.7,25.2,29.8,0,1,0
Oklahoma,1.0,4,2020-05-21,2020-05-26,South,27.5,27.3,32.8,0,1,0
Oklahoma,1.0,5,2020-05-28,2020-06-02,South,31.8,31.7,38.6,0,1,0
Oklahoma,1.0,6,2020-06-04,2020-06-09,South,24.7,28.9,33.7,0,1,0
Oklahoma,1.0,7,2020-06-11,2020-06-16,South,22.5,30.9,34.9,0,1,0
Oklahoma,1.0,8,2020-06-18,2020-06-23,South,33.2,39.0,44.5,0,1,0
Oklahoma,1.0,9,2020-06-25,2020-06-30,South,32.8,36.5,43.0,0,1,0
Oklahoma,1.0,10,2020-07-02,2020-07-07,South,29.4,39.4,42.9,0,1,0
Oklahoma,1.0,11,2020-07-09,2020-07-14,South,30.8,40.1,44.7,0,1,0
Oklahoma,1.0,12,2020-07-16,2020-07-21,South,33.5,39.6,44.1,0,1,0
Oklahoma,2.0,13,2020-08-19,2020-08-31,South,25.9,34.0,38.6,0,1,0
Oklahoma,2.0,14,2020-09-02,2020-09-14,South,26.5,34.5,38.4,0,1,0
Oklahoma,2.0,15,2020-09-16,2020-09-28,South,23.1,29.2,34.5,0,1,0
Oklahoma,2.0,16,2020-09-30,2020-10-12,South,27.2,33.9,38.1,0,1,0
Oklahoma,2.0,17,2020-10-14,2020-10-26,South,25.9,34.8,39.3,0,1,0
Oklahoma,3.0,18,2020-10-28,2020-11-09,South,27.1,40.0,43.3,0,1,0
Oklahoma,3.0,19,2020-11-11,2020-11-23,South,31.6,42.0,46.5,0,1,0
Oklahoma,3.0,20,2020-11-25,2020-12-07,South,33.8,38.7,43.9,0,1,0
Oklahoma,3.0,21,2020-12-09,2020-12-21,South,35.7,44.2,48.8,0,1,0
Oklahoma,3.0,22,2021-01-06,2021-01-18,South,29.7,37.8,42.8,0,1,0
Oklahoma,3.0,23,2021-01-20,2021-02-01,South,32.1,43.4,47.5,0,1,0
Oklahoma,3.0,24,2021-02-03,2021-02-15,South,27.2,33.1,38.7,0,1,0
Oklahoma,3.0,25,2021-02-17,2021-03-01,South,29.5,36.1,42.2,0,1,0
Oklahoma,3.0,26,2021-03-03,2021-03-15,South,27.7,32.5,37.5,0,1,0
Oklahoma,3.0,27,2021-03-17,2021-03-29,South,29.3,35.5,39.3,0,1,0
Oklahoma,3.1,28,2021-04-14,2021-04-26,South,19.5,23.5,29.1,0,1,0
Oklahoma,3.1,29,2021-04-28,2021-05-10,South,23.3,29.7,34.3,0,1,0
Oklahoma,3.1,30,2021-05-12,2021-05-24,South,23.3,29.0,33.0,0,1,0
Oklahoma,3.1,31,2021-05-26,2021-06-07,South,22.2,26.5,31.2,0,1,0
Oklahoma,3.1,32,2021-06-09,2021-06-21,South,27.3,35.7,38.6,0,1,0
Oklahoma,3.1,33,2021-06-23,2021-07-05,South,26.8,33.5,37.5,0,1,0
Oklahoma,3.2,34,2021-07-21,2021-08-02,South,28.2,34.6,38.9,0,1,0
Oklahoma,3.2,35,2021-08-04,2021-08-16,South,31.2,35.1,39.7,0,1,0
Oklahoma,3.2,36,2021-08-18,2021-08-30,South,26.2,31.8,38.1,0,1,0
Oklahoma,3.2,37,2021-09-01,2021-09-13,South,25.7,29.4,34.7,0,1,0
Oklahoma,3.2,38,2021-09-15,2021-09-27,South,30.2,34.1,41.6,0,1,0
Oklahoma,3.2,39,2021-09-29,2021-10-11,South,27.3,31.9,37.7,0,1,0
Oklahoma,3.3,40,2021-12-01,2021-12-13,South,28.2,34.2,38.3,0,1,0
Oklahoma,3.3,41,2021-12-29,2022-01-10,South,26.7,32.2,35.8,0,1,0
Oklahoma,3.3,42,2022-01-26,2022-02-07,South,25.1,29.9,33.9,0,1,0
Oklahoma,3.4,43,2022-03-02,2022-03-14,South,24.6,32.2,38.0,0,1,0
Oklahoma,3.4,44,2022-03-30,2022-04-11,South,26.1,32.2,38.0,0,1,0
Oklahoma,3.4,45,2022-04-27,2022-05-09,South,30.3,31.4,38.0,0,1,0
Oklahoma,3.5,46,2022-06-01,2022-06-13,South,25.4,31.0,35.8,0,1,0
Oklahoma,3.5,47,2022-06-29,2022-07-11,South,30.5,37.5,42.1,0,1,0
Oklahoma,3.5,48,2022-07-27,2022-08-08,South,24.8,31.1,34.9,0,1,0
Oklahoma,3.6,49,2022-09-14,2022-09-26,South,29.3,37.5,42.8,0,1,0
Oklahoma,3.6,50,2022-10-05,2022-10-17,South,29.4,36.0,40.3,0,1,0
Oklahoma,3.6,51,2022-11-02,2022-11-14,South,26.5,33.5,40.0,0,1,0
Oklahoma,3.7,52,2022-12-09,2022-12-19,South,27.1,32.5,37.6,0,1,0
Oklahoma,3.7,53,2023-01-04,2023-01-16,South,22.2,30.2,33.9,0,1,0
Oklahoma,3.7,54,2023-02-01,2023-02-13,South,23.4,31.3,35.0,0,1,0
Oklahoma,3.8,55,2023-03-01,2023-03-13,South,24.6,32.1,36.1,0,1,0
Oklahoma,3.8,56,2023-03-29,2023-04-10,South,24.9,31.5,38.4,0,1,0
Oklahoma,3.8,57,2023-04-26,2023-05-08,South,26.2,34.0,38.2,0,1,0
Oklahoma,3.9,58,2023-06-07,2023-06-19,South,22.3,29.5,34.7,0,1,0
Oklahoma,3.9,59,2023-06-28,2023-07-10,South,25.5,35.7,39.4,0,1,0
Oklahoma,3.9,60,2023-07-26,2023-08-07,South,23.6,29.7,34.7,0,1,0
Oklahoma,3.1,61,2023-08-23,2023-09-04,South,20.9,25.7,31.3,0,1,0
Oklahoma,3.1,62,2023-09-20,2023-10-02,South,26.6,33.8,39.9,0,1,0
Oregon,1.0,1,2020-04-23,2020-05-05,West,22.5,31.5,36.8,0,0,1
Oregon,1.0,2,2020-05-07,2020-05-12,West,17.8,26.2,29.9,0,0,1
Oregon,1.0,3,2020-05-14,2020-05-19,West,22.7,24.2,31.7,0,0,1
Oregon,1.0,4,2020-05-21,2020-05-26,West,24.2,32.1,35.3,0,0,1
Oregon,1.0,5,2020-05-28,2020-06-02,West,27.6,35.3,39.5,0,0,1
Oregon,1.0,6,2020-06-04,2020-06-09,West,27.1,35.0,40.5,0,0,1
Oregon,1.0,7,2020-06-11,2020-06-16,West,31.1,39.8,43.5,0,0,1
Oregon,1.0,8,2020-06-18,2020-06-23,West,31.0,37.1,42.4,0,0,1
Oregon,1.0,9,2020-06-25,2020-06-30,West,27.1,34.1,38.9,0,0,1
Oregon,1.0,10,2020-07-02,2020-07-07,West,29.9,35.4,39.7,0,0,1
Oregon,1.0,11,2020-07-09,2020-07-14,West,31.7,38.6,43.9,0,0,1
Oregon,1.0,12,2020-07-16,2020-07-21,West,36.4,45.4,50.2,0,0,1
Oregon,2.0,13,2020-08-19,2020-08-31,West,26.1,34.8,38.4,0,0,1
Oregon,2.0,14,2020-09-02,2020-09-14,West,26.7,36.9,40.9,0,0,1
Oregon,2.0,15,2020-09-16,2020-09-28,West,31.8,41.1,47.6,0,0,1
Oregon,2.0,16,2020-09-30,2020-10-12,West,24.9,35.1,39.0,0,0,1
Oregon,2.0,17,2020-10-14,2020-10-26,West,26.9,36.6,41.4,0,0,1
Oregon,3.0,18,2020-10-28,2020-11-09,West,29.0,38.4,44.1,0,0,1
Oregon,3.0,19,2020-11-11,2020-11-23,West,28.7,40.8,45.2,0,0,1
Oregon,3.0,20,2020-11-25,2020-12-07,West,35.9,38.6,47.6,0,0,1
Oregon,3.0,21,2020-12-09,2020-12-21,West,33.4,41.6,45.6,0,0,1
Oregon,3.0,22,2021-01-06,2021-01-18,West,30.1,39.2,44.3,0,0,1
Oregon,3.0,23,2021-01-20,2021-02-01,West,28.5,36.5,42.0,0,0,1
Oregon,3.0,24,2021-02-03,2021-02-15,West,31.0,39.8,45.1,0,0,1
Oregon,3.0,25,2021-02-17,2021-03-01,West,29.7,35.5,41.2,0,0,1
Oregon,3.0,26,2021-03-03,2021-03-15,West,31.3,36.2,42.5,0,0,1
Oregon,3.0,27,2021-03-17,2021-03-29,West,23.5,30.5,35.5,0,0,1
Oregon,3.1,28,2021-04-14,2021-04-26,West,21.2,29.6,33.3,0,0,1
Oregon,3.1,29,2021-04-28,2021-05-10,West,23.9,27.8,32.4,0,0,1
Oregon,3.1,30,2021-05-12,2021-05-24,West,24.2,27.9,32.6,0,0,1
Oregon,3.1,31,2021-05-26,2021-06-07,West,23.0,28.9,32.8,0,0,1
Oregon,3.1,32,2021-06-09,2021-06-21,West,20.8,25.1,29.0,0,0,1
Oregon,3.1,33,2021-06-23,2021-07-05,West,25.3,32.6,36.0,0,0,1
Oregon,3.2,34,2021-07-21,2021-08-02,West,21.7,27.8,31.5,0,0,1
Oregon,3.2,35,2021-08-04,2021-08-16,West,20.3,25.8,30.5,0,0,1
Oregon,3.2,36,2021-08-18,2021-08-30,West,24.2,31.8,35.3,0,0,1
Oregon,3.2,37,2021-09-01,2021-09-13,West,25.0,32.5,37.1,0,0,1
Oregon,3.2,38,2021-09-15,2021-09-27,West,23.8,32.9,36.6,0,0,1
Oregon,3.2,39,2021-09-29,2021-10-11,West,22.5,30.6,34.6,0,0,1
Oregon,3.3,40,2021-12-01,2021-12-13,West,25.9,31.1,35.6,0,0,1
Oregon,3.3,41,2021-12-29,2022-01-10,West,25.8,32.0,36.8,0,0,1
Oregon,3.3,42,2022-01-26,2022-02-07,West,25.0,32.0,37.2,0,0,1
Oregon,3.4,43,2022-03-02,2022-03-14,West,24.4,30.1,34.7,0,0,1
Oregon,3.4,44,2022-03-30,2022-04-11,West,27.2,31.8,35.7,0,0,1
Oregon,3.4,45,2022-04-27,2022-05-09,West,21.7,28.8,32.6,0,0,1
Oregon,3.5,46,2022-06-01,2022-06-13,West,23.2,29.5,33.5,0,0,1
Oregon,3.5,47,2022-06-29,2022-07-11,West,24.2,30.1,34.5,0,0,1
Oregon,3.5,48,2022-07-27,2022-08-08,West,17.1,24.8,29.4,0,0,1
Oregon,3.6,49,2022-09-14,2022-09-26,West,27.8,33.9,38.6,0,0,1
Oregon,3.6,50,2022-10-05,2022-10-17,West,23.5,31.1,34.9,0,0,1
Oregon,3.6,51,2022-11-02,2022-11-14,West,21.8,30.9,34.4,0,0,1
Oregon,3.7,52,2022-12-09,2022-12-19,West,26.8,31.4,37.2,0,0,1
Oregon,3.7,53,2023-01-04,2023-01-16,West,21.2,29.8,32.6,0,0,1
Oregon,3.7,54,2023-02-01,2023-02-13,West,23.1,30.9,35.3,0,0,1
Oregon,3.8,55,2023-03-01,2023-03-13,West,20.9,28.2,33.1,0,0,1
Oregon,3.8,56,2023-03-29,2023-04-10,West,23.9,30.7,36.2,0,0,1
Oregon,3.8,57,2023-04-26,2023-05-08,West,19.9,27.4,31.2,0,0,1
Oregon,3.9,58,2023-06-07,2023-06-19,West,22.3,29.3,34.4,0,0,1
Oregon,3.9,59,2023-06-28,2023-07-10,West,25.6,33.5,38.1,0,0,1
Oregon,3.9,60,2023-07-26,2023-08-07,West,22.7,31.6,35.8,0,0,1
Oregon,3.1,61,2023-08-23,2023-09-04,West,20.6,28.0,31.4,0,0,1
Oregon,3.1,62,2023-09-20,2023-10-02,West,24.4,31.6,36.9,0,0,1
Pennsylvania,1.0,1,2020-04-23,2020-05-05,Northeast,24.7,31.0,35.1,1,0,0
Pennsylvania,1.0,2,2020-05-07,2020-05-12,Northeast,23.0,28.4,32.0,1,0,0
Pennsylvania,1.0,3,2020-05-14,2020-05-19,Northeast,19.8,25.8,30.0,1,0,0
Pennsylvania,1.0,4,2020-05-21,2020-05-26,Northeast,25.9,28.0,33.9,1,0,0
Pennsylvania,1.0,5,2020-05-28,2020-06-02,Northeast,24.6,31.4,35.1,1,0,0
Pennsylvania,1.0,6,2020-06-04,2020-06-09,Northeast,24.7,29.2,33.9,1,0,0
Pennsylvania,1.0,7,2020-06-11,2020-06-16,Northeast,25.5,28.4,35.0,1,0,0
Pennsylvania,1.0,8,2020-06-18,2020-06-23,Northeast,27.3,32.7,39.8,1,0,0
Pennsylvania,1.0,9,2020-06-25,2020-06-30,Northeast,26.5,33.4,37.5,1,0,0
Pennsylvania,1.0,10,2020-07-02,2020-07-07,Northeast,26.0,33.2,37.2,1,0,0
Pennsylvania,1.0,11,2020-07-09,2020-07-14,Northeast,27.5,34.2,40.3,1,0,0
Pennsylvania,1.0,12,2020-07-16,2020-07-21,Northeast,20.5,29.2,31.8,1,0,0
Pennsylvania,2.0,13,2020-08-19,2020-08-31,Northeast,23.8,31.0,35.7,1,0,0
Pennsylvania,2.0,14,2020-09-02,2020-09-14,Northeast,22.9,29.8,34.7,1,0,0
Pennsylvania,2.0,15,2020-09-16,2020-09-28,Northeast,24.1,30.7,34.6,1,0,0
Pennsylvania,2.0,16,2020-09-30,2020-10-12,Northeast,25.1,32.6,37.7,1,0,0
Pennsylvania,2.0,17,2020-10-14,2020-10-26,Northeast,22.2,31.6,35.4,1,0,0
Pennsylvania,3.0,18,2020-10-28,2020-11-09,Northeast,27.8,36.1,41.3,1,0,0
Pennsylvania,3.0,19,2020-11-11,2020-11-23,Northeast,27.9,34.9,39.9,1,0,0
Pennsylvania,3.0,20,2020-11-25,2020-12-07,Northeast,29.4,38.1,43.1,1,0,0
Pennsylvania,3.0,21,2020-12-09,2020-12-21,Northeast,27.3,34.1,39.7,1,0,0
Pennsylvania,3.0,22,2021-01-06,2021-01-18,Northeast,30.4,34.6,41.3,1,0,0
Pennsylvania,3.0,23,2021-01-20,2021-02-01,Northeast,25.4,35.1,39.8,1,0,0
Pennsylvania,3.0,24,2021-02-03,2021-02-15,Northeast,26.5,29.7,35.4,1,0,0
Pennsylvania,3.0,25,2021-02-17,2021-03-01,Northeast,27.4,32.6,38.3,1,0,0
Pennsylvania,3.0,26,2021-03-03,2021-03-15,Northeast,28.9,33.1,38.9,1,0,0
Pennsylvania,3.0,27,2021-03-17,2021-03-29,Northeast,21.5,29.8,35.3,1,0,0
Pennsylvania,3.1,28,2021-04-14,2021-04-26,Northeast,20.9,24.8,30.2,1,0,0
Pennsylvania,3.1,29,2021-04-28,2021-05-10,Northeast,19.5,23.6,27.3,1,0,0
Pennsylvania,3.1,30,2021-05-12,2021-05-24,Northeast,22.3,27.5,30.2,1,0,0
Pennsylvania,3.1,31,2021-05-26,2021-06-07,Northeast,20.0,25.8,29.8,1,0,0
Pennsylvania,3.1,32,2021-06-09,2021-06-21,Northeast,19.7,24.9,28.0,1,0,0
Pennsylvania,3.1,33,2021-06-23,2021-07-05,Northeast,19.1,22.5,25.8,1,0,0
Pennsylvania,3.2,34,2021-07-21,2021-08-02,Northeast,20.2,24.8,30.5,1,0,0
Pennsylvania,3.2,35,2021-08-04,2021-08-16,Northeast,23.9,25.5,30.8,1,0,0
Pennsylvania,3.2,36,2021-08-18,2021-08-30,Northeast,25.1,31.4,35.5,1,0,0
Pennsylvania,3.2,37,2021-09-01,2021-09-13,Northeast,18.6,24.3,27.2,1,0,0
Pennsylvania,3.2,38,2021-09-15,2021-09-27,Northeast,20.1,28.5,31.5,1,0,0
Pennsylvania,3.2,39,2021-09-29,2021-10-11,Northeast,24.0,31.0,33.8,1,0,0
Pennsylvania,3.3,40,2021-12-01,2021-12-13,Northeast,19.2,26.0,28.9,1,0,0
Pennsylvania,3.3,41,2021-12-29,2022-01-10,Northeast,21.0,25.5,29.1,1,0,0
Pennsylvania,3.3,42,2022-01-26,2022-02-07,Northeast,21.7,27.0,31.7,1,0,0
Pennsylvania,3.4,43,2022-03-02,2022-03-14,Northeast,21.4,30.4,33.7,1,0,0
Pennsylvania,3.4,44,2022-03-30,2022-04-11,Northeast,22.0,25.7,29.5,1,0,0
Pennsylvania,3.4,45,2022-04-27,2022-05-09,Northeast,23.4,27.9,31.5,1,0,0
Pennsylvania,3.5,46,2022-06-01,2022-06-13,Northeast,20.6,25.5,30.1,1,0,0
Pennsylvania,3.5,47,2022-06-29,2022-07-11,Northeast,25.3,29.4,35.6,1,0,0
Pennsylvania,3.5,48,2022-07-27,2022-08-08,Northeast,24.2,31.5,35.8,1,0,0
Pennsylvania,3.6,49,2022-09-14,2022-09-26,Northeast,21.8,30.2,33.9,1,0,0
Pennsylvania,3.6,50,2022-10-05,2022-10-17,Northeast,25.8,30.7,35.8,1,0,0
Pennsylvania,3.6,51,2022-11-02,2022-11-14,Northeast,26.2,34.0,38.0,1,0,0
Pennsylvania,3.7,52,2022-12-09,2022-12-19,Northeast,22.9,28.8,32.8,1,0,0
Pennsylvania,3.7,53,2023-01-04,2023-01-16,Northeast,23.5,28.6,32.8,1,0,0
Pennsylvania,3.7,54,2023-02-01,2023-02-13,Northeast,22.8,28.8,32.8,1,0,0
Pennsylvania,3.8,55,2023-03-01,2023-03-13,Northeast,21.5,29.2,33.5,1,0,0
Pennsylvania,3.8,56,2023-03-29,2023-04-10,Northeast,22.1,30.5,34.7,1,0,0
Pennsylvania,3.8,57,2023-04-26,2023-05-08,Northeast,21.3,25.3,29.9,1,0,0
Pennsylvania,3.9,58,2023-06-07,2023-06-19,Northeast,22.6,28.6,32.6,1,0,0
Pennsylvania,3.9,59,2023-06-28,2023-07-10,Northeast,19.9,29.9,32.6,1,0,0
Pennsylvania,3.9,60,2023-07-26,2023-08-07,Northeast,20.0,26.2,31.2,1,0,0
Pennsylvania,3.1,61,2023-08-23,2023-09-04,Northeast,19.7,24.4,28.3,1,0,0
Pennsylvania,3.1,62,2023-09-20,2023-10-02,Northeast,21.9,28.0,33.0,1,0,0
Rhode Island,1.0,1,2020-04-23,2020-05-05,Northeast,24.5,27.6,34.4,1,0,0
Rhode Island,1.0,2,2020-05-07,2020-05-12,Northeast,22.8,26.9,33.8,1,0,0
Rhode Island,1.0,3,2020-05-14,2020-05-19,Northeast,18.8,23.9,26.2,1,0,0
Rhode Island,1.0,4,2020-05-21,2020-05-26,Northeast,21.4,30.6,33.8,1,0,0
Rhode Island,1.0,5,2020-05-28,2020-06-02,Northeast,22.3,30.8,34.0,1,0,0
Rhode Island,1.0,6,2020-06-04,2020-06-09,Northeast,19.0,26.6,29.2,1,0,0
Rhode Island,1.0,7,2020-06-11,2020-06-16,Northeast,24.1,25.5,32.2,1,0,0
Rhode Island,1.0,8,2020-06-18,2020-06-23,Northeast,22.1,28.2,32.9,1,0,0
Rhode Island,1.0,9,2020-06-25,2020-06-30,Northeast,24.0,28.9,35.2,1,0,0
Rhode Island,1.0,10,2020-07-02,2020-07-07,Northeast,22.8,31.4,34.8,1,0,0
Rhode Island,1.0,11,2020-07-09,2020-07-14,Northeast,31.1,36.5,42.0,1,0,0
Rhode Island,1.0,12,2020-07-16,2020-07-21,Northeast,25.9,41.8,44.5,1,0,0
Rhode Island,2.0,13,2020-08-19,2020-08-31,Northeast,19.2,29.9,34.2,1,0,0
Rhode Island,2.0,14,2020-09-02,2020-09-14,Northeast,25.3,31.1,34.9,1,0,0
Rhode Island,2.0,15,2020-09-16,2020-09-28,Northeast,23.4,33.4,38.3,1,0,0
Rhode Island,2.0,16,2020-09-30,2020-10-12,Northeast,22.4,29.5,35.1,1,0,0
Rhode Island,2.0,17,2020-10-14,2020-10-26,Northeast,24.0,35.6,39.1,1,0,0
Rhode Island,3.0,18,2020-10-28,2020-11-09,Northeast,25.6,38.6,42.3,1,0,0
Rhode Island,3.0,19,2020-11-11,2020-11-23,Northeast,29.9,37.8,44.5,1,0,0
Rhode Island,3.0,20,2020-11-25,2020-12-07,Northeast,27.2,37.4,41.5,1,0,0
Rhode Island,3.0,21,2020-12-09,2020-12-21,Northeast,22.4,32.9,35.8,1,0,0
Rhode Island,3.0,22,2021-01-06,2021-01-18,Northeast,34.9,39.4,46.8,1,0,0
Rhode Island,3.0,23,2021-01-20,2021-02-01,Northeast,30.3,35.1,41.5,1,0,0
Rhode Island,3.0,24,2021-02-03,2021-02-15,Northeast,27.3,31.3,38.1,1,0,0
Rhode Island,3.0,25,2021-02-17,2021-03-01,Northeast,26.5,32.8,38.5,1,0,0
Rhode Island,3.0,26,2021-03-03,2021-03-15,Northeast,24.1,34.4,39.1,1,0,0
Rhode Island,3.0,27,2021-03-17,2021-03-29,Northeast,20.8,33.2,36.9,1,0,0
Rhode Island,3.1,28,2021-04-14,2021-04-26,Northeast,17.1,23.0,26.5,1,0,0
Rhode Island,3.1,29,2021-04-28,2021-05-10,Northeast,14.9,21.6,24.5,1,0,0
Rhode Island,3.1,30,2021-05-12,2021-05-24,Northeast,17.3,20.2,26.4,1,0,0
Rhode Island,3.1,31,2021-05-26,2021-06-07,Northeast,17.2,22.2,27.0,1,0,0
Rhode Island,3.1,32,2021-06-09,2021-06-21,Northeast,19.9,28.1,31.3,1,0,0
Rhode Island,3.1,33,2021-06-23,2021-07-05,Northeast,19.7,19.1,26.2,1,0,0
Rhode Island,3.2,34,2021-07-21,2021-08-02,Northeast,23.5,24.8,30.8,1,0,0
Rhode Island,3.2,35,2021-08-04,2021-08-16,Northeast,21.5,25.7,31.4,1,0,0
Rhode Island,3.2,36,2021-08-18,2021-08-30,Northeast,19.5,25.6,29.3,1,0,0
Rhode Island,3.2,37,2021-09-01,2021-09-13,Northeast,21.7,29.5,32.1,1,0,0
Rhode Island,3.2,38,2021-09-15,2021-09-27,Northeast,18.3,24.7,27.0,1,0,0
Rhode Island,3.2,39,2021-09-29,2021-10-11,Northeast,22.6,34.4,37.3,1,0,0
Rhode Island,3.3,40,2021-12-01,2021-12-13,Northeast,19.3,25.9,27.8,1,0,0
Rhode Island,3.3,41,2021-12-29,2022-01-10,Northeast,26.7,32.3,35.6,1,0,0
Rhode Island,3.3,42,2022-01-26,2022-02-07,Northeast,20.7,25.4,27.6,1,0,0
Rhode Island,3.4,43,2022-03-02,2022-03-14,Northeast,16.0,24.1,26.5,1,0,0
Rhode Island,3.4,44,2022-03-30,2022-04-11,Northeast,20.1,22.5,25.7,1,0,0
Rhode Island,3.4,45,2022-04-27,2022-05-09,Northeast,15.7,22.1,25.0,1,0,0
Rhode Island,3.5,46,2022-06-01,2022-06-13,Northeast,20.3,29.0,32.0,1,0,0
Rhode Island,3.5,47,2022-06-29,2022-07-11,Northeast,23.8,32.5,37.3,1,0,0
Rhode Island,3.5,48,2022-07-27,2022-08-08,Northeast,22.3,29.9,33.8,1,0,0
Rhode Island,3.6,49,2022-09-14,2022-09-26,Northeast,22.2,27.2,30.3,1,0,0
Rhode Island,3.6,50,2022-10-05,2022-10-17,Northeast,23.2,33.8,36.1,1,0,0
Rhode Island,3.6,51,2022-11-02,2022-11-14,Northeast,19.9,28.2,31.4,1,0,0
Rhode Island,3.7,52,2022-12-09,2022-12-19,Northeast,20.6,30.7,31.8,1,0,0
Rhode Island,3.7,53,2023-01-04,2023-01-16,Northeast,16.8,22.5,25.1,1,0,0
Rhode Island,3.7,54,2023-02-01,2023-02-13,Northeast,20.0,25.2,30.4,1,0,0
Rhode Island,3.8,55,2023-03-01,2023-03-13,Northeast,17.0,25.4,28.8,1,0,0
Rhode Island,3.8,56,2023-03-29,2023-04-10,Northeast,17.2,26.2,28.6,1,0,0
Rhode Island,3.8,57,2023-04-26,2023-05-08,Northeast,17.0,26.9,30.0,1,0,0
Rhode Island,3.9,58,2023-06-07,2023-06-19,Northeast,21.2,29.0,34.8,1,0,0
Rhode Island,3.9,59,2023-06-28,2023-07-10,Northeast,18.1,23.0,28.1,1,0,0
Rhode Island,3.9,60,2023-07-26,2023-08-07,Northeast,18.2,24.4,29.1,1,0,0
Rhode Island,3.1,61,2023-08-23,2023-09-04,Northeast,14.7,22.9,25.4,1,0,0
Rhode Island,3.1,62,2023-09-20,2023-10-02,Northeast,24.2,33.0,37.9,1,0,0
South Carolina,1.0,1,2020-04-23,2020-05-05,South,21.6,27.8,33.3,0,1,0
South Carolina,1.0,2,2020-05-07,2020-05-12,South,25.6,27.9,33.1,0,1,0
South Carolina,1.0,3,2020-05-14,2020-05-19,South,25.3,28.5,31.3,0,1,0
South Carolina,1.0,4,2020-05-21,2020-05-26,South,21.7,27.0,32.2,0,1,0
South Carolina,1.0,5,2020-05-28,2020-06-02,South,28.8,29.2,35.6,0,1,0
South Carolina,1.0,6,2020-06-04,2020-06-09,South,25.0,23.7,31.4,0,1,0
South Carolina,1.0,7,2020-06-11,2020-06-16,South,28.1,30.6,35.5,0,1,0
South Carolina,1.0,8,2020-06-18,2020-06-23,South,22.4,31.4,34.4,0,1,0
South Carolina,1.0,9,2020-06-25,2020-06-30,South,28.9,35.0,39.4,0,1,0
South Carolina,1.0,10,2020-07-02,2020-07-07,South,29.3,31.4,38.6,0,1,0
South Carolina,1.0,11,2020-07-09,2020-07-14,South,25.3,30.7,34.3,0,1,0
South Carolina,1.0,12,2020-07-16,2020-07-21,South,32.3,35.7,42.3,0,1,0
South Carolina,2.0,13,2020-08-19,2020-08-31,South,20.4,24.5,30.4,0,1,0
South Carolina,2.0,14,2020-09-02,2020-09-14,South,22.9,27.7,31.6,0,1,0
South Carolina,2.0,15,2020-09-16,2020-09-28,South,20.6,31.8,35.3,0,1,0
South Carolina,2.0,16,2020-09-30,2020-10-12,South,20.3,28.3,32.9,0,1,0
South Carolina,2.0,17,2020-10-14,2020-10-26,South,25.1,32.8,36.5,0,1,0
South Carolina,3.0,18,2020-10-28,2020-11-09,South,28.2,37.3,41.4,0,1,0
South Carolina,3.0,19,2020-11-11,2020-11-23,South,32.6,36.4,44.9,0,1,0
South Carolina,3.0,20,2020-11-25,2020-12-07,South,22.9,30.4,33.6,0,1,0
South Carolina,3.0,21,2020-12-09,2020-12-21,South,27.0,37.2,40.2,0,1,0
South Carolina,3.0,22,2021-01-06,2021-01-18,South,29.2,35.9,42.0,0,1,0
South Carolina,3.0,23,2021-01-20,2021-02-01,South,24.4,32.8,37.6,0,1,0
South Carolina,3.0,24,2021-02-03,2021-02-15,South,29.7,34.7,38.8,0,1,0
South Carolina,3.0,25,2021-02-17,2021-03-01,South,29.6,27.9,36.6,0,1,0
South Carolina,3.0,26,2021-03-03,2021-03-15,South,21.1,26.2,30.5,0,1,0
South Carolina,3.0,27,2021-03-17,2021-03-29,South,24.9,27.7,33.1,0,1,0
South Carolina,3.1,28,2021-04-14,2021-04-26,South,21.8,24.9,29.8,0,1,0
South Carolina,3.1,29,2021-04-28,2021-05-10,South,20.7,25.7,30.0,0,1,0
South Carolina,3.1,30,2021-05-12,2021-05-24,South,16.9,28.0,30.1,0,1,0
South Carolina,3.1,31,2021-05-26,2021-06-07,South,21.7,26.5,30.8,0,1,0
South Carolina,3.1,32,2021-06-09,2021-06-21,South,21.8,25.0,30.0,0,1,0
South Carolina,3.1,33,2021-06-23,2021-07-05,South,25.3,28.0,32.0,0,1,0
South Carolina,3.2,34,2021-07-21,2021-08-02,South,20.7,29.6,30.9,0,1,0
South Carolina,3.2,35,2021-08-04,2021-08-16,South,21.5,24.6,28.9,0,1,0
South Carolina,3.2,36,2021-08-18,2021-08-30,South,26.2,25.4,32.7,0,1,0
South Carolina,3.2,37,2021-09-01,2021-09-13,South,19.4,26.6,29.2,0,1,0
South Carolina,3.2,38,2021-09-15,2021-09-27,South,18.8,23.2,27.1,0,1,0
South Carolina,3.2,39,2021-09-29,2021-10-11,South,21.0,26.5,30.2,0,1,0
South Carolina,3.3,40,2021-12-01,2021-12-13,South,18.1,23.0,25.1,0,1,0
South Carolina,3.3,41,2021-12-29,2022-01-10,South,23.1,26.5,29.7,0,1,0
South Carolina,3.3,42,2022-01-26,2022-02-07,South,20.0,26.0,29.7,0,1,0
South Carolina,3.4,43,2022-03-02,2022-03-14,South,17.3,23.1,27.3,0,1,0
South Carolina,3.4,44,2022-03-30,2022-04-11,South,19.0,22.6,25.3,0,1,0
South Carolina,3.4,45,2022-04-27,2022-05-09,South,22.6,27.0,30.8,0,1,0
South Carolina,3.5,46,2022-06-01,2022-06-13,South,25.6,33.6,37.8,0,1,0
South Carolina,3.5,47,2022-06-29,2022-07-11,South,21.0,26.4,31.3,0,1,0
South Carolina,3.5,48,2022-07-27,2022-08-08,South,18.6,22.0,25.6,0,1,0
South Carolina,3.6,49,2022-09-14,2022-09-26,South,25.0,31.9,36.7,0,1,0
South Carolina,3.6,50,2022-10-05,2022-10-17,South,26.3,33.9,39.0,0,1,0
South Carolina,3.6,51,2022-11-02,2022-11-14,South,19.0,26.1,29.3,0,1,0
South Carolina,3.7,52,2022-12-09,2022-12-19,South,24.5,31.9,35.8,0,1,0
South Carolina,3.7,53,2023-01-04,2023-01-16,South,22.2,27.1,32.8,0,1,0
South Carolina,3.7,54,2023-02-01,2023-02-13,South,22.6,30.2,33.1,0,1,0
South Carolina,3.8,55,2023-03-01,2023-03-13,South,22.5,27.4,32.1,0,1,0
South Carolina,3.8,56,2023-03-29,2023-04-10,South,21.4,27.9,31.6,0,1,0
South Carolina,3.8,57,2023-04-26,2023-05-08,South,20.4,23.8,29.9,0,1,0
South Carolina,3.9,58,2023-06-07,2023-06-19,South,24.7,31.9,36.1,0,1,0
South Carolina,3.9,59,2023-06-28,2023-07-10,South,21.2,26.8,31.1,0,1,0
South Carolina,3.9,60,2023-07-26,2023-08-07,South,26.3,29.9,34.5,0,1,0
South Carolina,3.1,61,2023-08-23,2023-09-04,South,18.3,20.8,26.2,0,1,0
South Carolina,3.1,62,2023-09-20,2023-10-02,South,24.4,31.7,35.8,0,1,0
South Dakota,1.0,1,2020-04-23,2020-05-05,Midwest,17.5,22.1,25.6,0,0,0
South Dakota,1.0,2,2020-05-07,2020-05-12,Midwest,20.5,26.1,29.8,0,0,0
South Dakota,1.0,3,2020-05-14,2020-05-19,Midwest,22.7,22.3,27.8,0,0,0
South Dakota,1.0,4,2020-05-21,2020-05-26,Midwest,25.8,30.4,36.3,0,0,0
South Dakota,1.0,5,2020-05-28,2020-06-02,Midwest,20.0,26.3,29.7,0,0,0
South Dakota,1.0,6,2020-06-04,2020-06-09,Midwest,21.2,25.6,29.8,0,0,0
South Dakota,1.0,7,2020-06-11,2020-06-16,Midwest,19.2,24.5,28.0,0,0,0
South Dakota,1.0,8,2020-06-18,2020-06-23,Midwest,21.7,24.2,31.0,0,0,0
South Dakota,1.0,9,2020-06-25,2020-06-30,Midwest,25.1,31.4,35.0,0,0,0
South Dakota,1.0,10,2020-07-02,2020-07-07,Midwest,26.7,31.3,35.2,0,0,0
South Dakota,1.0,11,2020-07-09,2020-07-14,Midwest,24.1,32.6,34.7,0,0,0
South Dakota,1.0,12,2020-07-16,2020-07-21,Midwest,27.6,27.6,35.4,0,0,0
South Dakota,2.0,13,2020-08-19,2020-08-31,Midwest,15.2,20.9,24.2,0,0,0
South Dakota,2.0,14,2020-09-02,2020-09-14,Midwest,20.2,24.7,29.9,0,0,0
South Dakota,2.0,15,2020-09-16,2020-09-28,Midwest,17.0,22.5,27.3,0,0,0
South Dakota,2.0,16,2020-09-30,2020-10-12,Midwest,19.0,26.9,31.3,0,0,0
South Dakota,2.0,17,2020-10-14,2020-10-26,Midwest,19.7,24.2,28.7,0,0,0
South Dakota,3.0,18,2020-10-28,2020-11-09,Midwest,20.0,28.6,32.3,0,0,0
South Dakota,3.0,19,2020-11-11,2020-11-23,Midwest,27.4,34.7,42.3,0,0,0
South Dakota,3.0,20,2020-11-25,2020-12-07,Midwest,20.2,27.5,32.4,0,0,0
South Dakota,3.0,21,2020-12-09,2020-12-21,Midwest,21.1,28.3,31.8,0,0,0
South Dakota,3.0,22,2021-01-06,2021-01-18,Midwest,26.2,29.2,34.0,0,0,0
South Dakota,3.0,23,2021-01-20,2021-02-01,Midwest,15.3,25.8,29.1,0,0,0
South Dakota,3.0,24,2021-02-03,2021-02-15,Midwest,21.9,29.6,30.9,0,0,0
South Dakota,3.0,25,2021-02-17,2021-03-01,Midwest,20.2,26.8,31.3,0,0,0
South Dakota,3.0,26,2021-03-03,2021-03-15,Midwest,15.9,21.1,25.9,0,0,0
South Dakota,3.0,27,2021-03-17,2021-03-29,Midwest,17.5,21.2,24.9,0,0,0
South Dakota,3.1,28,2021-04-14,2021-04-26,Midwest,16.4,22.2,26.6,0,0,0
South Dakota,3.1,29,2021-04-28,2021-05-10,Midwest,19.8,23.0,24.4,0,0,0
South Dakota,3.1,30,2021-05-12,2021-05-24,Midwest,16.3,17.2,24.3,0,0,0
South Dakota,3.1,31,2021-05-26,2021-06-07,Midwest,20.8,21.1,25.5,0,0,0
South Dakota,3.1,32,2021-06-09,2021-06-21,Midwest,15.6,17.3,23.5,0,0,0
South Dakota,3.1,33,2021-06-23,2021-07-05,Midwest,21.4,21.7,25.2,0,0,0
South Dakota,3.2,34,2021-07-21,2021-08-02,Midwest,17.5,20.5,23.6,0,0,0
South Dakota,3.2,35,2021-08-04,2021-08-16,Midwest,14.4,19.2,21.2,0,0,0
South Dakota,3.2,36,2021-08-18,2021-08-30,Midwest,18.3,25.2,31.1,0,0,0
South Dakota,3.2,37,2021-09-01,2021-09-13,Midwest,10.6,18.5,19.9,0,0,0
South Dakota,3.2,38,2021-09-15,2021-09-27,Midwest,17.0,18.6,23.7,0,0,0
South Dakota,3.2,39,2021-09-29,2021-10-11,Midwest,14.8,21.7,24.7,0,0,0
South Dakota,3.3,40,2021-12-01,2021-12-13,Midwest,17.3,20.6,24.0,0,0,0
South Dakota,3.3,41,2021-12-29,2022-01-10,Midwest,22.2,24.7,28.7,0,0,0
South Dakota,3.3,42,2022-01-26,2022-02-07,Midwest,16.9,23.8,27.2,0,0,0
South Dakota,3.4,43,2022-03-02,2022-03-14,Midwest,18.8,25.5,27.8,0,0,0
South Dakota,3.4,44,2022-03-30,2022-04-11,Midwest,22.2,25.8,28.6,0,0,0
South Dakota,3.4,45,2022-04-27,2022-05-09,Midwest,14.6,16.3,19.2,0,0,0
South Dakota,3.5,46,2022-06-01,2022-06-13,Midwest,17.4,24.4,26.9,0,0,0
South Dakota,3.5,47,2022-06-29,2022-07-11,Midwest,15.7,23.6,28.0,0,0,0
South Dakota,3.5,48,2022-07-27,2022-08-08,Midwest,18.6,22.0,28.6,0,0,0
South Dakota,3.6,49,2022-09-14,2022-09-26,Midwest,24.3,30.4,33.8,0,0,0
South Dakota,3.6,50,2022-10-05,2022-10-17,Midwest,21.1,27.0,31.6,0,0,0
South Dakota,3.6,51,2022-11-02,2022-11-14,Midwest,26.5,29.4,36.1,0,0,0
South Dakota,3.7,52,2022-12-09,2022-12-19,Midwest,15.7,19.6,24.5,0,0,0
South Dakota,3.7,53,2023-01-04,2023-01-16,Midwest,15.6,23.2,24.7,0,0,0
South Dakota,3.7,54,2023-02-01,2023-02-13,Midwest,17.8,23.0,26.6,0,0,0
South Dakota,3.8,55,2023-03-01,2023-03-13,Midwest,19.4,21.4,26.1,0,0,0
South Dakota,3.8,56,2023-03-29,2023-04-10,Midwest,17.9,29.3,33.0,0,0,0
South Dakota,3.8,57,2023-04-26,2023-05-08,Midwest,18.2,25.6,29.5,0,0,0
South Dakota,3.9,58,2023-06-07,2023-06-19,Midwest,18.6,24.1,26.9,0,0,0
South Dakota,3.9,59,2023-06-28,2023-07-10,Midwest,14.9,23.5,26.2,0,0,0
South Dakota,3.9,60,2023-07-26,2023-08-07,Midwest,16.3,21.0,24.4,0,0,0
South Dakota,3.1,61,2023-08-23,2023-09-04,Midwest,18.4,25.1,27.3,0,0,0
South Dakota,3.1,62,2023-09-20,2023-10-02,Midwest,21.8,24.9,28.9,0,0,0
Tennessee,1.0,1,2020-04-23,2020-05-05,South,22.2,28.2,33.4,0,1,0
Tennessee,1.0,2,2020-05-07,2020-05-12,South,21.7,29.6,34.7,0,1,0
Tennessee,1.0,3,2020-05-14,2020-05-19,South,25.6,24.8,32.5,0,1,0
Tennessee,1.0,4,2020-05-21,2020-05-26,South,22.5,29.6,33.1,0,1,0
Tennessee,1.0,5,2020-05-28,2020-06-02,South,22.9,30.4,33.6,0,1,0
Tennessee,1.0,6,2020-06-04,2020-06-09,South,27.2,30.6,38.0,0,1,0
Tennessee,1.0,7,2020-06-11,2020-06-16,South,21.5,28.7,31.7,0,1,0
Tennessee,1.0,8,2020-06-18,2020-06-23,South,26.8,30.8,36.6,0,1,0
Tennessee,1.0,9,2020-06-25,2020-06-30,South,30.5,37.6,42.4,0,1,0
Tennessee,1.0,10,2020-07-02,2020-07-07,South,31.7,34.6,41.9,0,1,0
Tennessee,1.0,11,2020-07-09,2020-07-14,South,31.4,38.2,41.9,0,1,0
Tennessee,1.0,12,2020-07-16,2020-07-21,South,33.7,40.1,43.6,0,1,0
Tennessee,2.0,13,2020-08-19,2020-08-31,South,28.3,34.8,38.4,0,1,0
Tennessee,2.0,14,2020-09-02,2020-09-14,South,24.0,27.6,32.4,0,1,0
Tennessee,2.0,15,2020-09-16,2020-09-28,South,25.9,30.5,35.6,0,1,0
Tennessee,2.0,16,2020-09-30,2020-10-12,South,24.5,30.7,36.2,0,1,0
Tennessee,2.0,17,2020-10-14,2020-10-26,South,23.9,32.0,37.8,0,1,0
Tennessee,3.0,18,2020-10-28,2020-11-09,South,25.0,32.5,36.7,0,1,0
Tennessee,3.0,19,2020-11-11,2020-11-23,South,29.4,38.2,42.7,0,1,0
Tennessee,3.0,20,2020-11-25,2020-12-07,South,28.0,34.2,39.2,0,1,0
Tennessee,3.0,21,2020-12-09,2020-12-21,South,32.3,36.2,41.0,0,1,0
Tennessee,3.0,22,2021-01-06,2021-01-18,South,29.4,34.4,39.6,0,1,0
Tennessee,3.0,23,2021-01-20,2021-02-01,South,32.0,38.5,43.5,0,1,0
Tennessee,3.0,24,2021-02-03,2021-02-15,South,30.7,35.5,40.6,0,1,0
Tennessee,3.0,25,2021-02-17,2021-03-01,South,31.2,37.6,43.5,0,1,0
Tennessee,3.0,26,2021-03-03,2021-03-15,South,24.6,30.4,34.5,0,1,0
Tennessee,3.0,27,2021-03-17,2021-03-29,South,26.8,31.9,36.2,0,1,0
Tennessee,3.1,28,2021-04-14,2021-04-26,South,22.4,26.8,31.9,0,1,0
Tennessee,3.1,29,2021-04-28,2021-05-10,South,22.3,25.2,29.8,0,1,0
Tennessee,3.1,30,2021-05-12,2021-05-24,South,25.1,26.9,33.5,0,1,0
Tennessee,3.1,31,2021-05-26,2021-06-07,South,19.7,25.2,29.2,0,1,0
Tennessee,3.1,32,2021-06-09,2021-06-21,South,21.6,26.8,31.3,0,1,0
Tennessee,3.1,33,2021-06-23,2021-07-05,South,23.1,26.6,29.8,0,1,0
Tennessee,3.2,34,2021-07-21,2021-08-02,South,20.5,24.6,27.6,0,1,0
Tennessee,3.2,35,2021-08-04,2021-08-16,South,22.9,28.9,33.2,0,1,0
Tennessee,3.2,36,2021-08-18,2021-08-30,South,28.3,35.2,41.7,0,1,0
Tennessee,3.2,37,2021-09-01,2021-09-13,South,28.4,33.3,36.8,0,1,0
Tennessee,3.2,38,2021-09-15,2021-09-27,South,26.4,33.4,36.5,0,1,0
Tennessee,3.2,39,2021-09-29,2021-10-11,South,24.7,29.0,34.6,0,1,0
Tennessee,3.3,40,2021-12-01,2021-12-13,South,20.3,26.8,31.4,0,1,0
Tennessee,3.3,41,2021-12-29,2022-01-10,South,24.6,27.5,31.3,0,1,0
Tennessee,3.3,42,2022-01-26,2022-02-07,South,25.5,29.0,33.9,0,1,0
Tennessee,3.4,43,2022-03-02,2022-03-14,South,20.6,24.3,29.7,0,1,0
Tennessee,3.4,44,2022-03-30,2022-04-11,South,19.9,27.7,29.8,0,1,0
Tennessee,3.4,45,2022-04-27,2022-05-09,South,22.9,27.6,32.1,0,1,0
Tennessee,3.5,46,2022-06-01,2022-06-13,South,26.3,32.9,36.2,0,1,0
Tennessee,3.5,47,2022-06-29,2022-07-11,South,25.1,30.1,34.5,0,1,0
Tennessee,3.5,48,2022-07-27,2022-08-08,South,23.0,27.5,33.6,0,1,0
Tennessee,3.6,49,2022-09-14,2022-09-26,South,26.3,34.0,37.9,0,1,0
Tennessee,3.6,50,2022-10-05,2022-10-17,South,25.9,32.1,36.3,0,1,0
Tennessee,3.6,51,2022-11-02,2022-11-14,South,25.4,33.3,37.2,0,1,0
Tennessee,3.7,52,2022-12-09,2022-12-19,South,24.0,30.1,34.2,0,1,0
Tennessee,3.7,53,2023-01-04,2023-01-16,South,22.2,30.1,33.9,0,1,0
Tennessee,3.7,54,2023-02-01,2023-02-13,South,26.4,31.3,37.3,0,1,0
Tennessee,3.8,55,2023-03-01,2023-03-13,South,23.4,29.9,34.1,0,1,0
Tennessee,3.8,56,2023-03-29,2023-04-10,South,21.8,29.3,34.2,0,1,0
Tennessee,3.8,57,2023-04-26,2023-05-08,South,23.3,27.8,33.6,0,1,0
Tennessee,3.9,58,2023-06-07,2023-06-19,South,22.7,32.1,36.5,0,1,0
Tennessee,3.9,59,2023-06-28,2023-07-10,South,27.7,33.1,38.1,0,1,0
Tennessee,3.9,60,2023-07-26,2023-08-07,South,24.1,30.8,36.2,0,1,0
Tennessee,3.1,61,2023-08-23,2023-09-04,South,20.5,22.5,27.6,0,1,0
Tennessee,3.1,62,2023-09-20,2023-10-02,South,23.5,30.1,34.6,0,1,0
Texas,1.0,1,2020-04-23,2020-05-05,South,24.4,29.7,34.9,0,1,0
Texas,1.0,2,2020-05-07,2020-05-12,South,25.7,32.4,35.9,0,1,0
Texas,1.0,3,2020-05-14,2020-05-19,South,24.9,28.8,34.8,0,1,0
Texas,1.0,4,2020-05-21,2020-05-26,South,28.8,32.6,37.7,0,1,0
Texas,1.0,5,2020-05-28,2020-06-02,South,26.2,31.1,36.9,0,1,0
Texas,1.0,6,2020-06-04,2020-06-09,South,30.3,33.0,39.6,0,1,0
Texas,1.0,7,2020-06-11,2020-06-16,South,27.6,35.5,39.5,0,1,0
Texas,1.0,8,2020-06-18,2020-06-23,South,25.6,32.1,36.2,0,1,0
Texas,1.0,9,2020-06-25,2020-06-30,South,28.2,35.9,40.7,0,1,0
Texas,1.0,10,2020-07-02,2020-07-07,South,30.5,36.1,41.6,0,1,0
Texas,1.0,11,2020-07-09,2020-07-14,South,32.2,40.6,45.9,0,1,0
Texas,1.0,12,2020-07-16,2020-07-21,South,32.4,38.4,44.3,0,1,0
Texas,2.0,13,2020-08-19,2020-08-31,South,25.7,31.1,37.1,0,1,0
Texas,2.0,14,2020-09-02,2020-09-14,South,26.9,32.6,38.2,0,1,0
Texas,2.0,15,2020-09-16,2020-09-28,South,28.0,33.2,39.5,0,1,0
Texas,2.0,16,2020-09-30,2020-10-12,South,29.0,33.2,38.8,0,1,0
Texas,2.0,17,2020-10-14,2020-10-26,South,29.4,34.7,41.4,0,1,0
Texas,3.0,18,2020-10-28,2020-11-09,South,31.2,37.2,44.4,0,1,0
Texas,3.0,19,2020-11-11,2020-11-23,South,31.4,42.3,47.3,0,1,0
Texas,3.0,20,2020-11-25,2020-12-07,South,31.3,38.8,44.1,0,1,0
Texas,3.0,21,2020-12-09,2020-12-21,South,31.8,38.0,43.2,0,1,0
Texas,3.0,22,2021-01-06,2021-01-18,South,27.6,33.9,39.0,0,1,0
Texas,3.0,23,2021-01-20,2021-02-01,South,31.0,38.5,43.4,0,1,0
Texas,3.0,24,2021-02-03,2021-02-15,South,28.2,34.8,39.9,0,1,0
Texas,3.0,25,2021-02-17,2021-03-01,South,27.6,34.8,40.9,0,1,0
Texas,3.0,26,2021-03-03,2021-03-15,South,25.1,30.8,35.7,0,1,0
Texas,3.0,27,2021-03-17,2021-03-29,South,25.9,30.3,35.0,0,1,0
Texas,3.1,28,2021-04-14,2021-04-26,South,25.5,30.9,34.6,0,1,0
Texas,3.1,29,2021-04-28,2021-05-10,South,23.9,28.3,33.1,0,1,0
Texas,3.1,30,2021-05-12,2021-05-24,South,22.8,26.5,32.4,0,1,0
Texas,3.1,31,2021-05-26,2021-06-07,South,23.7,28.0,32.2,0,1,0
Texas,3.1,32,2021-06-09,2021-06-21,South,23.7,26.1,31.7,0,1,0
Texas,3.1,33,2021-06-23,2021-07-05,South,22.4,26.8,31.6,0,1,0
Texas,3.2,34,2021-07-21,2021-08-02,South,26.6,33.9,38.1,0,1,0
Texas,3.2,35,2021-08-04,2021-08-16,South,22.6,28.4,31.9,0,1,0
Texas,3.2,36,2021-08-18,2021-08-30,South,22.5,28.3,32.6,0,1,0
Texas,3.2,37,2021-09-01,2021-09-13,South,27.3,31.9,36.3,0,1,0
Texas,3.2,38,2021-09-15,2021-09-27,South,23.4,26.7,32.5,0,1,0
Texas,3.2,39,2021-09-29,2021-10-11,South,24.7,28.6,34.2,0,1,0
Texas,3.3,40,2021-12-01,2021-12-13,South,21.2,24.9,29.5,0,1,0
Texas,3.3,41,2021-12-29,2022-01-10,South,25.0,31.0,35.1,0,1,0
Texas,3.3,42,2022-01-26,2022-02-07,South,23.2,28.3,32.9,0,1,0
Texas,3.4,43,2022-03-02,2022-03-14,South,25.9,29.5,34.5,0,1,0
Texas,3.4,44,2022-03-30,2022-04-11,South,24.4,28.8,34.3,0,1,0
Texas,3.4,45,2022-04-27,2022-05-09,South,25.9,30.0,34.1,0,1,0
Texas,3.5,46,2022-06-01,2022-06-13,South,24.8,30.5,34.1,0,1,0
Texas,3.5,47,2022-06-29,2022-07-11,South,25.5,32.4,37.0,0,1,0
Texas,3.5,48,2022-07-27,2022-08-08,South,24.3,32.3,36.6,0,1,0
Texas,3.6,49,2022-09-14,2022-09-26,South,26.5,31.9,36.9,0,1,0
Texas,3.6,50,2022-10-05,2022-10-17,South,30.1,35.6,40.3,0,1,0
Texas,3.6,51,2022-11-02,2022-11-14,South,25.9,34.3,38.5,0,1,0
Texas,3.7,52,2022-12-09,2022-12-19,South,27.1,31.3,36.3,0,1,0
Texas,3.7,53,2023-01-04,2023-01-16,South,25.8,28.2,35.4,0,1,0
Texas,3.7,54,2023-02-01,2023-02-13,South,24.4,31.4,36.8,0,1,0
Texas,3.8,55,2023-03-01,2023-03-13,South,23.5,29.1,34.2,0,1,0
Texas,3.8,56,2023-03-29,2023-04-10,South,23.8,30.7,34.8,0,1,0
Texas,3.8,57,2023-04-26,2023-05-08,South,24.5,28.7,34.5,0,1,0
Texas,3.9,58,2023-06-07,2023-06-19,South,24.5,30.8,36.0,0,1,0
Texas,3.9,59,2023-06-28,2023-07-10,South,19.5,24.4,30.4,0,1,0
Texas,3.9,60,2023-07-26,2023-08-07,South,22.9,31.3,35.0,0,1,0
Texas,3.1,61,2023-08-23,2023-09-04,South,19.6,24.9,29.0,0,1,0
Texas,3.1,62,2023-09-20,2023-10-02,South,24.6,28.2,33.6,0,1,0
Utah,1.0,1,2020-04-23,2020-05-05,West,22.9,28.9,34.7,0,0,1
Utah,1.0,2,2020-05-07,2020-05-12,West,22.6,26.0,30.4,0,0,1
Utah,1.0,3,2020-05-14,2020-05-19,West,21.2,26.1,30.3,0,0,1
Utah,1.0,4,2020-05-21,2020-05-26,West,24.9,25.5,31.9,0,0,1
Utah,1.0,5,2020-05-28,2020-06-02,West,22.3,29.7,34.5,0,0,1
Utah,1.0,6,2020-06-04,2020-06-09,West,25.3,28.0,34.1,0,0,1
Utah,1.0,7,2020-06-11,2020-06-16,West,18.5,32.0,36.0,0,0,1
Utah,1.0,8,2020-06-18,2020-06-23,West,27.3,33.3,37.2,0,0,1
Utah,1.0,9,2020-06-25,2020-06-30,West,26.0,33.0,36.7,0,0,1
Utah,1.0,10,2020-07-02,2020-07-07,West,25.0,29.1,34.7,0,0,1
Utah,1.0,11,2020-07-09,2020-07-14,West,24.2,29.5,34.3,0,0,1
Utah,1.0,12,2020-07-16,2020-07-21,West,28.5,34.6,37.8,0,0,1
Utah,2.0,13,2020-08-19,2020-08-31,West,22.7,30.4,34.4,0,0,1
Utah,2.0,14,2020-09-02,2020-09-14,West,22.0,29.2,33.3,0,0,1
Utah,2.0,15,2020-09-16,2020-09-28,West,26.8,33.9,38.5,0,0,1
Utah,2.0,16,2020-09-30,2020-10-12,West,23.5,31.1,36.1,0,0,1
Utah,2.0,17,2020-10-14,2020-10-26,West,22.4,29.1,33.1,0,0,1
Utah,3.0,18,2020-10-28,2020-11-09,West,24.3,33.0,36.4,0,0,1
Utah,3.0,19,2020-11-11,2020-11-23,West,28.7,38.0,44.3,0,0,1
Utah,3.0,20,2020-11-25,2020-12-07,West,32.4,37.3,44.2,0,0,1
Utah,3.0,21,2020-12-09,2020-12-21,West,29.0,34.6,40.6,0,0,1
Utah,3.0,22,2021-01-06,2021-01-18,West,29.5,38.5,42.8,0,0,1
Utah,3.0,23,2021-01-20,2021-02-01,West,28.2,35.9,40.9,0,0,1
Utah,3.0,24,2021-02-03,2021-02-15,West,28.7,35.6,40.2,0,0,1
Utah,3.0,25,2021-02-17,2021-03-01,West,25.4,32.4,36.8,0,0,1
Utah,3.0,26,2021-03-03,2021-03-15,West,24.0,27.1,32.6,0,0,1
Utah,3.0,27,2021-03-17,2021-03-29,West,23.1,25.8,31.5,0,0,1
Utah,3.1,28,2021-04-14,2021-04-26,West,17.8,20.2,25.1,0,0,1
Utah,3.1,29,2021-04-28,2021-05-10,West,21.0,25.8,30.1,0,0,1
Utah,3.1,30,2021-05-12,2021-05-24,West,20.6,22.9,27.7,0,0,1
Utah,3.1,31,2021-05-26,2021-06-07,West,19.1,25.2,29.0,0,0,1
Utah,3.1,32,2021-06-09,2021-06-21,West,20.7,26.5,29.8,0,0,1
Utah,3.1,33,2021-06-23,2021-07-05,West,18.8,24.5,28.1,0,0,1
Utah,3.2,34,2021-07-21,2021-08-02,West,24.0,27.8,32.2,0,0,1
Utah,3.2,35,2021-08-04,2021-08-16,West,21.4,29.2,33.0,0,0,1
Utah,3.2,36,2021-08-18,2021-08-30,West,24.2,29.7,33.7,0,0,1
Utah,3.2,37,2021-09-01,2021-09-13,West,21.0,26.7,29.9,0,0,1
Utah,3.2,38,2021-09-15,2021-09-27,West,25.6,30.1,35.6,0,0,1
Utah,3.2,39,2021-09-29,2021-10-11,West,22.6,26.5,31.1,0,0,1
Utah,3.3,40,2021-12-01,2021-12-13,West,22.6,28.0,32.5,0,0,1
Utah,3.3,41,2021-12-29,2022-01-10,West,23.6,30.4,34.3,0,0,1
Utah,3.3,42,2022-01-26,2022-02-07,West,19.8,24.2,28.3,0,0,1
Utah,3.4,43,2022-03-02,2022-03-14,West,22.5,27.7,31.6,0,0,1
Utah,3.4,44,2022-03-30,2022-04-11,West,22.2,27.4,31.1,0,0,1
Utah,3.4,45,2022-04-27,2022-05-09,West,24.8,31.9,36.9,0,0,1
Utah,3.5,46,2022-06-01,2022-06-13,West,24.7,30.9,34.7,0,0,1
Utah,3.5,47,2022-06-29,2022-07-11,West,29.1,32.1,38.8,0,0,1
Utah,3.5,48,2022-07-27,2022-08-08,West,23.0,28.3,32.9,0,0,1
Utah,3.6,49,2022-09-14,2022-09-26,West,26.5,32.9,36.8,0,0,1
Utah,3.6,50,2022-10-05,2022-10-17,West,26.7,32.3,37.7,0,0,1
Utah,3.6,51,2022-11-02,2022-11-14,West,20.6,29.8,33.3,0,0,1
Utah,3.7,52,2022-12-09,2022-12-19,West,22.6,29.2,33.3,0,0,1
Utah,3.7,53,2023-01-04,2023-01-16,West,22.9,27.9,32.1,0,0,1
Utah,3.7,54,2023-02-01,2023-02-13,West,23.1,27.9,33.3,0,0,1
Utah,3.8,55,2023-03-01,2023-03-13,West,24.3,29.7,35.7,0,0,1
Utah,3.8,56,2023-03-29,2023-04-10,West,23.1,29.0,34.5,0,0,1
Utah,3.8,57,2023-04-26,2023-05-08,West,22.9,33.3,36.6,0,0,1
Utah,3.9,58,2023-06-07,2023-06-19,West,25.2,30.9,36.5,0,0,1
Utah,3.9,59,2023-06-28,2023-07-10,West,24.5,29.0,35.1,0,0,1
Utah,3.9,60,2023-07-26,2023-08-07,West,23.9,29.3,35.8,0,0,1
Utah,3.1,61,2023-08-23,2023-09-04,West,19.4,26.4,29.0,0,0,1
Utah,3.1,62,2023-09-20,2023-10-02,West,22.6,35.0,38.2,0,0,1
Vermont,1.0,1,2020-04-23,2020-05-05,Northeast,20.7,30.6,33.9,1,0,0
Vermont,1.0,2,2020-05-07,2020-05-12,Northeast,26.8,31.8,35.7,1,0,0
Vermont,1.0,3,2020-05-14,2020-05-19,Northeast,19.0,25.8,29.6,1,0,0
Vermont,1.0,4,2020-05-21,2020-05-26,Northeast,19.4,23.3,28.8,1,0,0
Vermont,1.0,5,2020-05-28,2020-06-02,Northeast,23.5,31.8,35.3,1,0,0
Vermont,1.0,6,2020-06-04,2020-06-09,Northeast,25.1,29.8,33.7,1,0,0
Vermont,1.0,7,2020-06-11,2020-06-16,Northeast,26.2,33.0,36.3,1,0,0
Vermont,1.0,8,2020-06-18,2020-06-23,Northeast,18.4,25.0,27.9,1,0,0
Vermont,1.0,9,2020-06-25,2020-06-30,Northeast,22.3,29.7,32.8,1,0,0
Vermont,1.0,10,2020-07-02,2020-07-07,Northeast,22.2,29.2,32.2,1,0,0
Vermont,1.0,11,2020-07-09,2020-07-14,Northeast,20.7,33.4,35.4,1,0,0
Vermont,1.0,12,2020-07-16,2020-07-21,Northeast,21.4,29.2,33.2,1,0,0
Vermont,2.0,13,2020-08-19,2020-08-31,Northeast,19.5,28.0,32.0,1,0,0
Vermont,2.0,14,2020-09-02,2020-09-14,Northeast,19.6,30.2,34.5,1,0,0
Vermont,2.0,15,2020-09-16,2020-09-28,Northeast,22.9,33.0,36.6,1,0,0
Vermont,2.0,16,2020-09-30,2020-10-12,Northeast,30.1,36.9,44.0,1,0,0
Vermont,2.0,17,2020-10-14,2020-10-26,Northeast,21.5,33.3,36.1,1,0,0
Vermont,3.0,18,2020-10-28,2020-11-09,Northeast,30.0,37.3,43.8,1,0,0
Vermont,3.0,19,2020-11-11,2020-11-23,Northeast,21.6,36.2,39.8,1,0,0
Vermont,3.0,20,2020-11-25,2020-12-07,Northeast,28.8,37.8,40.6,1,0,0
Vermont,3.0,21,2020-12-09,2020-12-21,Northeast,25.7,38.0,41.1,1,0,0
Vermont,3.0,22,2021-01-06,2021-01-18,Northeast,22.0,30.6,35.2,1,0,0
Vermont,3.0,23,2021-01-20,2021-02-01,Northeast,21.2,32.4,36.2,1,0,0
Vermont,3.0,24,2021-02-03,2021-02-15,Northeast,27.2,36.0,38.7,1,0,0
Vermont,3.0,25,2021-02-17,2021-03-01,Northeast,25.7,29.0,37.2,1,0,0
Vermont,3.0,26,2021-03-03,2021-03-15,Northeast,20.1,30.7,35.5,1,0,0
Vermont,3.0,27,2021-03-17,2021-03-29,Northeast,23.0,27.9,32.1,1,0,0
Vermont,3.1,28,2021-04-14,2021-04-26,Northeast,23.7,26.0,31.4,1,0,0
Vermont,3.1,29,2021-04-28,2021-05-10,Northeast,20.5,24.6,28.0,1,0,0
Vermont,3.1,30,2021-05-12,2021-05-24,Northeast,19.0,24.6,28.0,1,0,0
Vermont,3.1,31,2021-05-26,2021-06-07,Northeast,17.8,23.1,25.9,1,0,0
Vermont,3.1,32,2021-06-09,2021-06-21,Northeast,16.5,20.9,23.0,1,0,0
Vermont,3.1,33,2021-06-23,2021-07-05,Northeast,11.5,23.6,25.5,1,0,0
Vermont,3.2,34,2021-07-21,2021-08-02,Northeast,22.5,23.5,25.8,1,0,0
Vermont,3.2,35,2021-08-04,2021-08-16,Northeast,17.8,25.3,27.8,1,0,0
Vermont,3.2,36,2021-08-18,2021-08-30,Northeast,16.8,25.8,29.3,1,0,0
Vermont,3.2,37,2021-09-01,2021-09-13,Northeast,27.1,29.3,37.5,1,0,0
Vermont,3.2,38,2021-09-15,2021-09-27,Northeast,15.3,21.2,24.3,1,0,0
Vermont,3.2,39,2021-09-29,2021-10-11,Northeast,27.0,27.6,33.6,1,0,0
Vermont,3.3,40,2021-12-01,2021-12-13,Northeast,18.8,28.1,32.2,1,0,0
Vermont,3.3,41,2021-12-29,2022-01-10,Northeast,22.1,30.7,34.5,1,0,0
Vermont,3.3,42,2022-01-26,2022-02-07,Northeast,17.5,29.3,31.6,1,0,0
Vermont,3.4,43,2022-03-02,2022-03-14,Northeast,21.9,26.6,29.9,1,0,0
Vermont,3.4,44,2022-03-30,2022-04-11,Northeast,19.1,25.9,28.1,1,0,0
Vermont,3.4,45,2022-04-27,2022-05-09,Northeast,18.3,22.6,25.6,1,0,0
Vermont,3.5,46,2022-06-01,2022-06-13,Northeast,22.2,25.4,29.2,1,0,0
Vermont,3.5,47,2022-06-29,2022-07-11,Northeast,12.4,23.7,26.0,1,0,0
Vermont,3.5,48,2022-07-27,2022-08-08,Northeast,20.9,28.3,30.8,1,0,0
Vermont,3.6,49,2022-09-14,2022-09-26,Northeast,23.2,27.7,33.0,1,0,0
Vermont,3.6,50,2022-10-05,2022-10-17,Northeast,15.5,25.3,28.1,1,0,0
Vermont,3.6,51,2022-11-02,2022-11-14,Northeast,21.0,32.7,35.6,1,0,0
Vermont,3.7,52,2022-12-09,2022-12-19,Northeast,16.5,24.3,26.2,1,0,0
Vermont,3.7,53,2023-01-04,2023-01-16,Northeast,21.3,26.1,30.5,1,0,0
Vermont,3.7,54,2023-02-01,2023-02-13,Northeast,15.4,19.7,24.1,1,0,0
Vermont,3.8,55,2023-03-01,2023-03-13,Northeast,22.9,26.1,31.7,1,0,0
Vermont,3.8,56,2023-03-29,2023-04-10,Northeast,15.3,21.7,24.6,1,0,0
Vermont,3.8,57,2023-04-26,2023-05-08,Northeast,15.4,23.2,25.7,1,0,0
Vermont,3.9,58,2023-06-07,2023-06-19,Northeast,17.7,23.0,27.5,1,0,0
Vermont,3.9,59,2023-06-28,2023-07-10,Northeast,16.5,21.7,26.6,1,0,0
Vermont,3.9,60,2023-07-26,2023-08-07,Northeast,15.3,24.7,27.6,1,0,0
Vermont,3.1,61,2023-08-23,2023-09-04,Northeast,12.3,19.0,21.3,1,0,0
Vermont,3.1,62,2023-09-20,2023-10-02,Northeast,16.4,23.3,27.0,1,0,0
Virginia,1.0,1,2020-04-23,2020-05-05,South,21.5,28.5,33.7,0,1,0
Virginia,1.0,2,2020-05-07,2020-05-12,South,20.6,26.8,30.6,0,1,0
Virginia,1.0,3,2020-05-14,2020-05-19,South,25.4,26.8,32.2,0,1,0
Virginia,1.0,4,2020-05-21,2020-05-26,South,22.3,28.7,33.1,0,1,0
Virginia,1.0,5,2020-05-28,2020-06-02,South,21.4,28.3,31.4,0,1,0
Virginia,1.0,6,2020-06-04,2020-06-09,South,27.5,29.5,36.5,0,1,0
Virginia,1.0,7,2020-06-11,2020-06-16,South,23.3,30.1,33.9,0,1,0
Virginia,1.0,8,2020-06-18,2020-06-23,South,26.9,31.9,36.9,0,1,0
Virginia,1.0,9,2020-06-25,2020-06-30,South,24.2,29.3,33.1,0,1,0
Virginia,1.0,10,2020-07-02,2020-07-07,South,29.5,29.5,38.5,0,1,0
Virginia,1.0,11,2020-07-09,2020-07-14,South,24.0,32.6,35.2,0,1,0
Virginia,1.0,12,2020-07-16,2020-07-21,South,27.0,34.2,38.3,0,1,0
Virginia,2.0,13,2020-08-19,2020-08-31,South,25.1,30.5,35.2,0,1,0
Virginia,2.0,14,2020-09-02,2020-09-14,South,22.4,29.1,33.3,0,1,0
Virginia,2.0,15,2020-09-16,2020-09-28,South,24.6,31.1,36.5,0,1,0
Virginia,2.0,16,2020-09-30,2020-10-12,South,23.1,28.7,32.9,0,1,0
Virginia,2.0,17,2020-10-14,2020-10-26,South,23.8,30.0,35.6,0,1,0
Virginia,3.0,18,2020-10-28,2020-11-09,South,24.0,30.5,36.7,0,1,0
Virginia,3.0,19,2020-11-11,2020-11-23,South,23.3,34.3,38.2,0,1,0
Virginia,3.0,20,2020-11-25,2020-12-07,South,26.9,33.5,39.3,0,1,0
Virginia,3.0,21,2020-12-09,2020-12-21,South,28.1,35.9,40.4,0,1,0
Virginia,3.0,22,2021-01-06,2021-01-18,South,28.6,37.1,41.4,0,1,0
Virginia,3.0,23,2021-01-20,2021-02-01,South,24.6,32.7,36.9,0,1,0
Virginia,3.0,24,2021-02-03,2021-02-15,South,27.5,33.3,38.7,0,1,0
Virginia,3.0,25,2021-02-17,2021-03-01,South,25.3,31.9,37.0,0,1,0
Virginia,3.0,26,2021-03-03,2021-03-15,South,25.1,28.6,34.3,0,1,0
Virginia,3.0,27,2021-03-17,2021-03-29,South,22.3,26.3,31.4,0,1,0
Virginia,3.1,28,2021-04-14,2021-04-26,South,18.7,22.3,25.8,0,1,0
Virginia,3.1,29,2021-04-28,2021-05-10,South,19.4,24.0,27.3,0,1,0
Virginia,3.1,30,2021-05-12,2021-05-24,South,22.7,28.2,32.3,0,1,0
Virginia,3.1,31,2021-05-26,2021-06-07,South,21.3,24.1,29.9,0,1,0
Virginia,3.1,32,2021-06-09,2021-06-21,South,20.6,23.8,28.3,0,1,0
Virginia,3.1,33,2021-06-23,2021-07-05,South,17.1,22.5,25.9,0,1,0
Virginia,3.2,34,2021-07-21,2021-08-02,South,20.3,26.0,30.3,0,1,0
Virginia,3.2,35,2021-08-04,2021-08-16,South,20.1,25.2,30.3,0,1,0
Virginia,3.2,36,2021-08-18,2021-08-30,South,16.8,24.8,28.0,0,1,0
Virginia,3.2,37,2021-09-01,2021-09-13,South,20.7,26.0,30.7,0,1,0
Virginia,3.2,38,2021-09-15,2021-09-27,South,20.6,26.2,31.8,0,1,0
Virginia,3.2,39,2021-09-29,2021-10-11,South,18.3,23.6,27.9,0,1,0
Virginia,3.3,40,2021-12-01,2021-12-13,South,22.4,28.7,31.5,0,1,0
Virginia,3.3,41,2021-12-29,2022-01-10,South,23.4,31.7,35.4,0,1,0
Virginia,3.3,42,2022-01-26,2022-02-07,South,21.4,26.4,29.8,0,1,0
Virginia,3.4,43,2022-03-02,2022-03-14,South,20.3,26.3,29.8,0,1,0
Virginia,3.4,44,2022-03-30,2022-04-11,South,19.8,25.7,29.7,0,1,0
Virginia,3.4,45,2022-04-27,2022-05-09,South,19.3,25.7,30.2,0,1,0
Virginia,3.5,46,2022-06-01,2022-06-13,South,20.4,26.2,29.6,0,1,0
Virginia,3.5,47,2022-06-29,2022-07-11,South,25.3,26.5,31.9,0,1,0
Virginia,3.5,48,2022-07-27,2022-08-08,South,18.8,29.5,32.0,0,1,0
Virginia,3.6,49,2022-09-14,2022-09-26,South,22.0,30.7,34.5,0,1,0
Virginia,3.6,50,2022-10-05,2022-10-17,South,22.4,30.0,33.5,0,1,0
Virginia,3.6,51,2022-11-02,2022-11-14,South,19.1,28.5,32.1,0,1,0
Virginia,3.7,52,2022-12-09,2022-12-19,South,23.5,29.3,33.8,0,1,0
Virginia,3.7,53,2023-01-04,2023-01-16,South,18.1,25.4,28.6,0,1,0
Virginia,3.7,54,2023-02-01,2023-02-13,South,22.5,28.4,32.0,0,1,0
Virginia,3.8,55,2023-03-01,2023-03-13,South,20.4,24.8,30.4,0,1,0
Virginia,3.8,56,2023-03-29,2023-04-10,South,20.5,27.9,32.2,0,1,0
Virginia,3.8,57,2023-04-26,2023-05-08,South,19.6,25.0,29.7,0,1,0
Virginia,3.9,58,2023-06-07,2023-06-19,South,17.6,26.6,30.5,0,1,0
Virginia,3.9,59,2023-06-28,2023-07-10,South,22.2,27.1,33.1,0,1,0
Virginia,3.9,60,2023-07-26,2023-08-07,South,19.3,27.4,31.3,0,1,0
Virginia,3.1,61,2023-08-23,2023-09-04,South,18.5,21.9,26.9,0,1,0
Virginia,3.1,62,2023-09-20,2023-10-02,South,21.7,28.7,33.2,0,1,0
Washington,1.0,1,2020-04-23,2020-05-05,West,22.1,30.6,35.0,0,0,1
Washington,1.0,2,2020-05-07,2020-05-12,West,22.9,28.5,35.0,0,0,1
Washington,1.0,3,2020-05-14,2020-05-19,West,23.2,28.9,33.0,0,0,1
Washington,1.0,4,2020-05-21,2020-05-26,West,22.2,26.8,31.8,0,0,1
Washington,1.0,5,2020-05-28,2020-06-02,West,27.1,31.7,36.7,0,0,1
Washington,1.0,6,2020-06-04,2020-06-09,West,21.4,29.4,31.9,0,0,1
Washington,1.0,7,2020-06-11,2020-06-16,West,22.5,29.3,34.2,0,0,1
Washington,1.0,8,2020-06-18,2020-06-23,West,26.4,30.5,34.7,0,0,1
Washington,1.0,9,2020-06-25,2020-06-30,West,31.1,37.0,42.0,0,0,1
Washington,1.0,10,2020-07-02,2020-07-07,West,27.8,37.5,42.0,0,0,1
Washington,1.0,11,2020-07-09,2020-07-14,West,27.2,35.7,40.5,0,0,1
Washington,1.0,12,2020-07-16,2020-07-21,West,32.2,37.1,43.8,0,0,1
Washington,2.0,13,2020-08-19,2020-08-31,West,23.6,32.7,37.2,0,0,1
Washington,2.0,14,2020-09-02,2020-09-14,West,22.7,30.8,35.4,0,0,1
Washington,2.0,15,2020-09-16,2020-09-28,West,25.7,34.6,39.9,0,0,1
Washington,2.0,16,2020-09-30,2020-10-12,West,25.2,34.5,38.5,0,0,1
Washington,2.0,17,2020-10-14,2020-10-26,West,28.4,35.9,41.7,0,0,1
Washington,3.0,18,2020-10-28,2020-11-09,West,24.4,34.7,38.8,0,0,1
Washington,3.0,19,2020-11-11,2020-11-23,West,27.7,36.3,43.4,0,0,1
Washington,3.0,20,2020-11-25,2020-12-07,West,29.4,37.5,43.3,0,0,1
Washington,3.0,21,2020-12-09,2020-12-21,West,31.2,36.8,42.4,0,0,1
Washington,3.0,22,2021-01-06,2021-01-18,West,30.1,37.9,44.1,0,0,1
Washington,3.0,23,2021-01-20,2021-02-01,West,33.2,41.0,46.3,0,0,1
Washington,3.0,24,2021-02-03,2021-02-15,West,28.7,36.4,40.9,0,0,1
Washington,3.0,25,2021-02-17,2021-03-01,West,27.8,34.2,40.1,0,0,1
Washington,3.0,26,2021-03-03,2021-03-15,West,26.6,32.5,37.3,0,0,1
Washington,3.0,27,2021-03-17,2021-03-29,West,23.3,29.7,35.6,0,0,1
Washington,3.1,28,2021-04-14,2021-04-26,West,21.9,25.2,29.7,0,0,1
Washington,3.1,29,2021-04-28,2021-05-10,West,22.7,28.3,32.6,0,0,1
Washington,3.1,30,2021-05-12,2021-05-24,West,20.2,27.0,31.3,0,0,1
Washington,3.1,31,2021-05-26,2021-06-07,West,22.5,27.8,32.4,0,0,1
Washington,3.1,32,2021-06-09,2021-06-21,West,21.3,24.8,29.0,0,0,1
Washington,3.1,33,2021-06-23,2021-07-05,West,18.8,23.9,28.3,0,0,1
Washington,3.2,34,2021-07-21,2021-08-02,West,25.5,30.3,34.7,0,0,1
Washington,3.2,35,2021-08-04,2021-08-16,West,21.4,27.9,31.1,0,0,1
Washington,3.2,36,2021-08-18,2021-08-30,West,23.7,29.4,33.7,0,0,1
Washington,3.2,37,2021-09-01,2021-09-13,West,24.2,28.9,34.1,0,0,1
Washington,3.2,38,2021-09-15,2021-09-27,West,23.6,30.7,36.2,0,0,1
Washington,3.2,39,2021-09-29,2021-10-11,West,23.1,28.2,33.5,0,0,1
Washington,3.3,40,2021-12-01,2021-12-13,West,23.7,30.1,33.6,0,0,1
Washington,3.3,41,2021-12-29,2022-01-10,West,21.4,28.1,32.7,0,0,1
Washington,3.3,42,2022-01-26,2022-02-07,West,22.6,27.6,32.3,0,0,1
Washington,3.4,43,2022-03-02,2022-03-14,West,21.3,30.7,33.9,0,0,1
Washington,3.4,44,2022-03-30,2022-04-11,West,19.4,25.3,28.4,0,0,1
Washington,3.4,45,2022-04-27,2022-05-09,West,23.2,29.8,34.3,0,0,1
Washington,3.5,46,2022-06-01,2022-06-13,West,20.4,26.1,30.7,0,0,1
Washington,3.5,47,2022-06-29,2022-07-11,West,18.8,24.7,28.5,0,0,1
Washington,3.5,48,2022-07-27,2022-08-08,West,19.3,25.9,30.5,0,0,1
Washington,3.6,49,2022-09-14,2022-09-26,West,23.2,31.3,35.7,0,0,1
Washington,3.6,50,2022-10-05,2022-10-17,West,26.5,30.8,36.9,0,0,1
Washington,3.6,51,2022-11-02,2022-11-14,West,21.2,28.8,33.3,0,0,1
Washington,3.7,52,2022-12-09,2022-12-19,West,20.6,25.3,30.1,0,0,1
Washington,3.7,53,2023-01-04,2023-01-16,West,22.3,27.8,31.3,0,0,1
Washington,3.7,54,2023-02-01,2023-02-13,West,21.2,28.1,32.6,0,0,1
Washington,3.8,55,2023-03-01,2023-03-13,West,20.1,28.0,32.2,0,0,1
Washington,3.8,56,2023-03-29,2023-04-10,West,20.0,27.9,31.8,0,0,1
Washington,3.8,57,2023-04-26,2023-05-08,West,21.2,26.2,31.2,0,0,1
Washington,3.9,58,2023-06-07,2023-06-19,West,18.3,27.3,31.0,0,0,1
Washington,3.9,59,2023-06-28,2023-07-10,West,20.9,29.9,33.3,0,0,1
Washington,3.9,60,2023-07-26,2023-08-07,West,20.5,29.2,32.8,0,0,1
Washington,3.1,61,2023-08-23,2023-09-04,West,21.7,28.4,32.6,0,0,1
Washington,3.1,62,2023-09-20,2023-10-02,West,20.9,30.2,34.3,0,0,1
West Virginia,1.0,1,2020-04-23,2020-05-05,South,23.4,28.8,34.3,0,1,0
West Virginia,1.0,2,2020-05-07,2020-05-12,South,31.8,34.6,39.0,0,1,0
West Virginia,1.0,3,2020-05-14,2020-05-19,South,27.0,29.3,34.3,0,1,0
West Virginia,1.0,4,2020-05-21,2020-05-26,South,22.0,34.5,37.9,0,1,0
West Virginia,1.0,5,2020-05-28,2020-06-02,South,26.2,33.6,38.9,0,1,0
West Virginia,1.0,6,2020-06-04,2020-06-09,South,27.9,35.8,38.9,0,1,0
West Virginia,1.0,7,2020-06-11,2020-06-16,South,23.5,26.7,32.2,0,1,0
West Virginia,1.0,8,2020-06-18,2020-06-23,South,30.2,34.7,38.4,0,1,0
West Virginia,1.0,9,2020-06-25,2020-06-30,South,34.5,40.5,45.1,0,1,0
West Virginia,1.0,10,2020-07-02,2020-07-07,South,24.2,31.9,34.6,0,1,0
West Virginia,1.0,11,2020-07-09,2020-07-14,South,29.4,36.1,40.9,0,1,0
West Virginia,1.0,12,2020-07-16,2020-07-21,South,28.0,31.1,37.0,0,1,0
West Virginia,2.0,13,2020-08-19,2020-08-31,South,25.2,29.0,34.5,0,1,0
West Virginia,2.0,14,2020-09-02,2020-09-14,South,26.9,33.5,38.4,0,1,0
West Virginia,2.0,15,2020-09-16,2020-09-28,South,28.0,36.4,39.2,0,1,0
West Virginia,2.0,16,2020-09-30,2020-10-12,South,27.5,37.1,42.8,0,1,0
West Virginia,2.0,17,2020-10-14,2020-10-26,South,25.2,31.9,36.0,0,1,0
West Virginia,3.0,18,2020-10-28,2020-11-09,South,25.7,35.7,39.3,0,1,0
West Virginia,3.0,19,2020-11-11,2020-11-23,South,29.6,36.6,42.6,0,1,0
West Virginia,3.0,20,2020-11-25,2020-12-07,South,31.6,40.6,44.2,0,1,0
West Virginia,3.0,21,2020-12-09,2020-12-21,South,37.0,39.5,48.1,0,1,0
West Virginia,3.0,22,2021-01-06,2021-01-18,South,38.5,41.6,49.7,0,1,0
West Virginia,3.0,23,2021-01-20,2021-02-01,South,31.6,34.7,41.8,0,1,0
West Virginia,3.0,24,2021-02-03,2021-02-15,South,30.7,37.2,41.8,0,1,0
West Virginia,3.0,25,2021-02-17,2021-03-01,South,29.0,33.3,39.1,0,1,0
West Virginia,3.0,26,2021-03-03,2021-03-15,South,31.1,40.6,43.5,0,1,0
West Virginia,3.0,27,2021-03-17,2021-03-29,South,30.6,36.7,41.0,0,1,0
West Virginia,3.1,28,2021-04-14,2021-04-26,South,29.1,35.6,42.1,0,1,0
West Virginia,3.1,29,2021-04-28,2021-05-10,South,24.8,27.6,31.0,0,1,0
West Virginia,3.1,30,2021-05-12,2021-05-24,South,24.0,26.3,31.6,0,1,0
West Virginia,3.1,31,2021-05-26,2021-06-07,South,22.3,27.9,31.8,0,1,0
West Virginia,3.1,32,2021-06-09,2021-06-21,South,21.3,32.7,37.2,0,1,0
West Virginia,3.1,33,2021-06-23,2021-07-05,South,24.8,29.6,34.1,0,1,0
West Virginia,3.2,34,2021-07-21,2021-08-02,South,25.4,30.8,35.4,0,1,0
West Virginia,3.2,35,2021-08-04,2021-08-16,South,23.1,31.6,34.0,0,1,0
West Virginia,3.2,36,2021-08-18,2021-08-30,South,24.4,29.6,34.2,0,1,0
West Virginia,3.2,37,2021-09-01,2021-09-13,South,24.6,26.6,32.6,0,1,0
West Virginia,3.2,38,2021-09-15,2021-09-27,South,25.4,27.2,30.7,0,1,0
West Virginia,3.2,39,2021-09-29,2021-10-11,South,22.7,27.6,31.7,0,1,0
West Virginia,3.3,40,2021-12-01,2021-12-13,South,25.2,36.5,39.9,0,1,0
West Virginia,3.3,41,2021-12-29,2022-01-10,South,25.9,31.6,34.6,0,1,0
West Virginia,3.3,42,2022-01-26,2022-02-07,South,27.4,30.5,36.1,0,1,0
West Virginia,3.4,43,2022-03-02,2022-03-14,South,24.6,30.6,34.0,0,1,0
West Virginia,3.4,44,2022-03-30,2022-04-11,South,34.9,36.7,44.0,0,1,0
West Virginia,3.4,45,2022-04-27,2022-05-09,South,23.8,26.9,31.0,0,1,0
West Virginia,3.5,46,2022-06-01,2022-06-13,South,27.1,33.9,40.2,0,1,0
West Virginia,3.5,47,2022-06-29,2022-07-11,South,26.9,29.5,37.5,0,1,0
West Virginia,3.5,48,2022-07-27,2022-08-08,South,27.3,38.2,42.6,0,1,0
West Virginia,3.6,49,2022-09-14,2022-09-26,South,25.8,28.7,36.5,0,1,0
West Virginia,3.6,50,2022-10-05,2022-10-17,South,29.8,35.3,38.2,0,1,0
West Virginia,3.6,51,2022-11-02,2022-11-14,South,27.3,30.7,37.2,0,1,0
West Virginia,3.7,52,2022-12-09,2022-12-19,South,28.0,33.3,38.9,0,1,0
West Virginia,3.7,53,2023-01-04,2023-01-16,South,25.6,34.2,37.9,0,1,0
West Virginia,3.7,54,2023-02-01,2023-02-13,South,27.0,33.0,38.0,0,1,0
West Virginia,3.8,55,2023-03-01,2023-03-13,South,29.1,39.0,42.4,0,1,0
West Virginia,3.8,56,2023-03-29,2023-04-10,South,24.5,32.6,36.3,0,1,0
West Virginia,3.8,57,2023-04-26,2023-05-08,South,25.1,30.6,33.2,0,1,0
West Virginia,3.9,58,2023-06-07,2023-06-19,South,26.2,30.1,34.6,0,1,0
West Virginia,3.9,59,2023-06-28,2023-07-10,South,23.4,29.3,33.5,0,1,0
West Virginia,3.9,60,2023-07-26,2023-08-07,South,26.3,31.4,36.1,0,1,0
West Virginia,3.1,61,2023-08-23,2023-09-04,South,20.2,27.9,32.9,0,1,0
West Virginia,3.1,62,2023-09-20,2023-10-02,South,33.1,40.1,44.7,0,1,0
Wisconsin,1.0,1,2020-04-23,2020-05-05,Midwest,22.0,27.1,31.1,0,0,0
Wisconsin,1.0,2,2020-05-07,2020-05-12,Midwest,22.9,25.6,29.7,0,0,0
Wisconsin,1.0,3,2020-05-14,2020-05-19,Midwest,20.3,23.4,28.0,0,0,0
Wisconsin,1.0,4,2020-05-21,2020-05-26,Midwest,20.8,24.7,28.9,0,0,0
Wisconsin,1.0,5,2020-05-28,2020-06-02,Midwest,17.7,22.7,26.7,0,0,0
Wisconsin,1.0,6,2020-06-04,2020-06-09,Midwest,19.5,25.3,28.3,0,0,0
Wisconsin,1.0,7,2020-06-11,2020-06-16,Midwest,17.5,23.5,26.5,0,0,0
Wisconsin,1.0,8,2020-06-18,2020-06-23,Midwest,15.7,21.3,24.6,0,0,0
Wisconsin,1.0,9,2020-06-25,2020-06-30,Midwest,19.0,25.5,29.2,0,0,0
Wisconsin,1.0,10,2020-07-02,2020-07-07,Midwest,24.6,30.7,34.1,0,0,0
Wisconsin,1.0,11,2020-07-09,2020-07-14,Midwest,24.6,31.1,36.6,0,0,0
Wisconsin,1.0,12,2020-07-16,2020-07-21,Midwest,23.9,29.9,33.3,0,0,0
Wisconsin,2.0,13,2020-08-19,2020-08-31,Midwest,20.2,25.2,29.1,0,0,0
Wisconsin,2.0,14,2020-09-02,2020-09-14,Midwest,19.3,27.5,31.3,0,0,0
Wisconsin,2.0,15,2020-09-16,2020-09-28,Midwest,19.4,28.4,30.8,0,0,0
Wisconsin,2.0,16,2020-09-30,2020-10-12,Midwest,21.6,30.7,34.5,0,0,0
Wisconsin,2.0,17,2020-10-14,2020-10-26,Midwest,22.7,32.1,36.0,0,0,0
Wisconsin,3.0,18,2020-10-28,2020-11-09,Midwest,27.0,36.0,39.2,0,0,0
Wisconsin,3.0,19,2020-11-11,2020-11-23,Midwest,26.5,31.4,38.7,0,0,0
Wisconsin,3.0,20,2020-11-25,2020-12-07,Midwest,26.3,30.1,35.5,0,0,0
Wisconsin,3.0,21,2020-12-09,2020-12-21,Midwest,30.0,35.4,40.0,0,0,0
Wisconsin,3.0,22,2021-01-06,2021-01-18,Midwest,21.3,31.4,34.8,0,0,0
Wisconsin,3.0,23,2021-01-20,2021-02-01,Midwest,25.8,30.0,36.4,0,0,0
Wisconsin,3.0,24,2021-02-03,2021-02-15,Midwest,25.8,32.2,36.7,0,0,0
Wisconsin,3.0,25,2021-02-17,2021-03-01,Midwest,20.7,26.4,30.4,0,0,0
Wisconsin,3.0,26,2021-03-03,2021-03-15,Midwest,22.2,26.5,31.7,0,0,0
Wisconsin,3.0,27,2021-03-17,2021-03-29,Midwest,23.3,25.9,32.3,0,0,0
Wisconsin,3.1,28,2021-04-14,2021-04-26,Midwest,14.9,22.9,26.0,0,0,0
Wisconsin,3.1,29,2021-04-28,2021-05-10,Midwest,19.7,20.5,26.4,0,0,0
Wisconsin,3.1,30,2021-05-12,2021-05-24,Midwest,20.9,26.0,29.9,0,0,0
Wisconsin,3.1,31,2021-05-26,2021-06-07,Midwest,13.4,20.0,22.3,0,0,0
Wisconsin,3.1,32,2021-06-09,2021-06-21,Midwest,15.1,20.7,22.4,0,0,0
Wisconsin,3.1,33,2021-06-23,2021-07-05,Midwest,17.2,19.2,24.8,0,0,0
Wisconsin,3.2,34,2021-07-21,2021-08-02,Midwest,19.3,23.8,27.0,0,0,0
Wisconsin,3.2,35,2021-08-04,2021-08-16,Midwest,18.8,23.7,27.9,0,0,0
Wisconsin,3.2,36,2021-08-18,2021-08-30,Midwest,15.6,22.5,25.1,0,0,0
Wisconsin,3.2,37,2021-09-01,2021-09-13,Midwest,17.2,22.8,26.5,0,0,0
Wisconsin,3.2,38,2021-09-15,2021-09-27,Midwest,19.3,24.6,28.3,0,0,0
Wisconsin,3.2,39,2021-09-29,2021-10-11,Midwest,14.1,21.0,22.9,0,0,0
Wisconsin,3.3,40,2021-12-01,2021-12-13,Midwest,18.0,23.1,26.3,0,0,0
Wisconsin,3.3,41,2021-12-29,2022-01-10,Midwest,20.1,23.7,25.5,0,0,0
Wisconsin,3.3,42,2022-01-26,2022-02-07,Midwest,21.8,26.1,28.2,0,0,0
Wisconsin,3.4,43,2022-03-02,2022-03-14,Midwest,18.4,23.7,27.4,0,0,0
Wisconsin,3.4,44,2022-03-30,2022-04-11,Midwest,21.0,24.5,29.1,0,0,0
Wisconsin,3.4,45,2022-04-27,2022-05-09,Midwest,19.2,22.8,26.7,0,0,0
Wisconsin,3.5,46,2022-06-01,2022-06-13,Midwest,21.4,27.3,30.8,0,0,0
Wisconsin,3.5,47,2022-06-29,2022-07-11,Midwest,16.6,23.9,27.6,0,0,0
Wisconsin,3.5,48,2022-07-27,2022-08-08,Midwest,19.8,24.1,27.9,0,0,0
Wisconsin,3.6,49,2022-09-14,2022-09-26,Midwest,19.5,28.5,33.1,0,0,0
Wisconsin,3.6,50,2022-10-05,2022-10-17,Midwest,21.0,26.3,29.9,0,0,0
Wisconsin,3.6,51,2022-11-02,2022-11-14,Midwest,20.9,25.6,30.5,0,0,0
Wisconsin,3.7,52,2022-12-09,2022-12-19,Midwest,20.2,24.4,29.1,0,0,0
Wisconsin,3.7,53,2023-01-04,2023-01-16,Midwest,19.2,23.3,28.1,0,0,0
Wisconsin,3.7,54,2023-02-01,2023-02-13,Midwest,17.6,21.8,26.2,0,0,0
Wisconsin,3.8,55,2023-03-01,2023-03-13,Midwest,18.7,23.0,27.5,0,0,0
Wisconsin,3.8,56,2023-03-29,2023-04-10,Midwest,18.3,22.4,27.9,0,0,0
Wisconsin,3.8,57,2023-04-26,2023-05-08,Midwest,20.3,23.2,27.5,0,0,0
Wisconsin,3.9,58,2023-06-07,2023-06-19,Midwest,19.0,27.3,31.9,0,0,0
Wisconsin,3.9,59,2023-06-28,2023-07-10,Midwest,16.1,22.1,25.4,0,0,0
Wisconsin,3.9,60,2023-07-26,2023-08-07,Midwest,17.5,23.3,28.4,0,0,0
Wisconsin,3.1,61,2023-08-23,2023-09-04,Midwest,16.2,22.4,26.7,0,0,0
Wisconsin,3.1,62,2023-09-20,2023-10-02,Midwest,20.7,27.1,30.4,0,0,0
Wyoming,1.0,1,2020-04-23,2020-05-05,West,18.9,24.9,31.0,0,0,1
Wyoming,1.0,2,2020-05-07,2020-05-12,West,18.6,22.5,27.9,0,0,1
Wyoming,1.0,3,2020-05-14,2020-05-19,West,20.7,24.1,28.0,0,0,1
Wyoming,1.0,4,2020-05-21,2020-05-26,West,18.8,24.0,28.3,0,0,1
Wyoming,1.0,5,2020-05-28,2020-06-02,West,25.2,25.3,32.9,0,0,1
Wyoming,1.0,6,2020-06-04,2020-06-09,West,20.9,21.3,29.4,0,0,1
Wyoming,1.0,7,2020-06-11,2020-06-16,West,18.9,24.2,32.6,0,0,1
Wyoming,1.0,8,2020-06-18,2020-06-23,West,17.6,23.7,28.4,0,0,1
Wyoming,1.0,9,2020-06-25,2020-06-30,West,23.4,31.6,34.2,0,0,1
Wyoming,1.0,10,2020-07-02,2020-07-07,West,26.5,31.5,36.0,0,0,1
Wyoming,1.0,11,2020-07-09,2020-07-14,West,21.7,29.4,33.0,0,0,1
Wyoming,1.0,12,2020-07-16,2020-07-21,West,31.6,38.8,41.3,0,0,1
Wyoming,2.0,13,2020-08-19,2020-08-31,West,21.9,32.8,35.6,0,0,1
Wyoming,2.0,14,2020-09-02,2020-09-14,West,23.6,29.4,33.6,0,0,1
Wyoming,2.0,15,2020-09-16,2020-09-28,West,22.4,29.1,33.2,0,0,1
Wyoming,2.0,16,2020-09-30,2020-10-12,West,22.2,27.0,33.1,0,0,1
Wyoming,2.0,17,2020-10-14,2020-10-26,West,20.8,28.3,32.0,0,0,1
Wyoming,3.0,18,2020-10-28,2020-11-09,West,23.5,30.0,37.0,0,0,1
Wyoming,3.0,19,2020-11-11,2020-11-23,West,26.8,35.8,39.5,0,0,1
Wyoming,3.0,20,2020-11-25,2020-12-07,West,31.3,38.7,44.8,0,0,1
Wyoming,3.0,21,2020-12-09,2020-12-21,West,24.7,33.6,39.0,0,0,1
Wyoming,3.0,22,2021-01-06,2021-01-18,West,26.2,35.1,37.9,0,0,1
Wyoming,3.0,23,2021-01-20,2021-02-01,West,28.4,32.5,40.2,0,0,1
Wyoming,3.0,24,2021-02-03,2021-02-15,West,20.0,25.1,29.2,0,0,1
Wyoming,3.0,25,2021-02-17,2021-03-01,West,28.3,33.2,38.1,0,0,1
Wyoming,3.0,26,2021-03-03,2021-03-15,West,26.4,31.9,36.1,0,0,1
Wyoming,3.0,27,2021-03-17,2021-03-29,West,24.2,30.1,35.6,0,0,1
Wyoming,3.1,28,2021-04-14,2021-04-26,West,15.7,16.9,22.0,0,0,1
Wyoming,3.1,29,2021-04-28,2021-05-10,West,16.4,25.3,27.2,0,0,1
Wyoming,3.1,30,2021-05-12,2021-05-24,West,21.5,29.0,32.3,0,0,1
Wyoming,3.1,31,2021-05-26,2021-06-07,West,15.9,18.5,24.2,0,0,1
Wyoming,3.1,32,2021-06-09,2021-06-21,West,20.9,21.6,26.1,0,0,1
Wyoming,3.1,33,2021-06-23,2021-07-05,West,21.3,22.3,27.5,0,0,1
Wyoming,3.2,34,2021-07-21,2021-08-02,West,21.7,27.8,32.3,0,0,1
Wyoming,3.2,35,2021-08-04,2021-08-16,West,18.8,22.2,25.4,0,0,1
Wyoming,3.2,36,2021-08-18,2021-08-30,West,23.6,28.0,31.7,0,0,1
Wyoming,3.2,37,2021-09-01,2021-09-13,West,21.5,25.8,31.1,0,0,1
Wyoming,3.2,38,2021-09-15,2021-09-27,West,17.5,23.1,27.2,0,0,1
Wyoming,3.2,39,2021-09-29,2021-10-11,West,19.7,27.0,29.5,0,0,1
Wyoming,3.3,40,2021-12-01,2021-12-13,West,24.2,29.0,32.3,0,0,1
Wyoming,3.3,41,2021-12-29,2022-01-10,West,22.8,29.2,33.9,0,0,1
Wyoming,3.3,42,2022-01-26,2022-02-07,West,23.8,30.3,33.0,0,0,1
Wyoming,3.4,43,2022-03-02,2022-03-14,West,21.0,28.6,32.4,0,0,1
Wyoming,3.4,44,2022-03-30,2022-04-11,West,18.3,27.6,31.3,0,0,1
Wyoming,3.4,45,2022-04-27,2022-05-09,West,18.7,22.8,26.7,0,0,1
Wyoming,3.5,46,2022-06-01,2022-06-13,West,22.1,29.1,33.7,0,0,1
Wyoming,3.5,47,2022-06-29,2022-07-11,West,21.4,31.7,34.5,0,0,1
Wyoming,3.5,48,2022-07-27,2022-08-08,West,19.5,23.9,28.2,0,0,1
Wyoming,3.6,49,2022-09-14,2022-09-26,West,26.1,30.7,37.4,0,0,1
Wyoming,3.6,50,2022-10-05,2022-10-17,West,17.9,25.7,27.5,0,0,1
Wyoming,3.6,51,2022-11-02,2022-11-14,West,23.6,30.9,35.6,0,0,1
Wyoming,3.7,52,2022-12-09,2022-12-19,West,26.5,28.0,34.2,0,0,1
Wyoming,3.7,53,2023-01-04,2023-01-16,West,19.4,29.4,32.3,0,0,1
Wyoming,3.7,54,2023-02-01,2023-02-13,West,22.2,27.3,31.5,0,0,1
Wyoming,3.8,55,2023-03-01,2023-03-13,West,19.2,28.8,33.5,0,0,1
Wyoming,3.8,56,2023-03-29,2023-04-10,West,16.0,27.6,30.5,0,0,1
Wyoming,3.8,57,2023-04-26,2023-05-08,West,27.5,28.8,34.1,0,0,1
Wyoming,3.9,58,2023-06-07,2023-06-19,West,18.6,28.2,33.0,0,0,1
Wyoming,3.9,59,2023-06-28,2023-07-10,West,18.8,26.2,29.8,0,0,1
Wyoming,3.9,60,2023-07-26,2023-08-07,West,24.7,33.0,37.4,0,0,1
Wyoming,3.1,61,2023-08-23,2023-09-04,West,22.0,26.8,32.3,0,0,1
Wyoming,3.1,62,2023-09-20,2023-10-02,West,26.7,29.2,36.3,0,0,1
